Date,Price,Grid load forecast,Wind power forecast
2019-01-01 00:00:00,68.92,12390.75,2273.75
2019-01-01 01:00:00,64.98,11810.0,2375.75
2019-01-01 02:00:00,60.27,11410.5,2514.0
2019-01-01 03:00:00,49.97,11309.0,2648.25
2019-01-01 04:00:00,47.66,11420.25,2711.5
2019-01-01 05:00:00,48.0,11881.25,2770.5
2019-01-01 06:00:00,49.75,13031.5,2783.0
2019-01-01 07:00:00,55.12,14994.75,2717.25
2019-01-01 08:00:00,44.8,16635.25,2602.0
2019-01-01 09:00:00,49.58,17154.5,2483.75
2019-01-01 10:00:00,55.44,17062.5,2477.25
2019-01-01 11:00:00,62.62,16930.0,2628.0
2019-01-01 12:00:00,57.4,16715.75,2866.75
2019-01-01 13:00:00,50.76,15521.25,3108.25
2019-01-01 14:00:00,49.92,16830.25,3315.25
2019-01-01 15:00:00,50.05,17128.0,3472.5
2019-01-01 16:00:00,50.6,17373.75,3539.25
2019-01-01 17:00:00,60.72,17958.25,3609.5
2019-01-01 18:00:00,50.51,16991.5,3667.25
2019-01-01 19:00:00,47.35,16288.5,3688.75
2019-01-01 20:00:00,50.4,15655.75,3686.25
2019-01-01 21:00:00,47.53,14886.0,3673.75
2019-01-01 22:00:00,51.06,14031.25,3653.0
2019-01-01 23:00:00,47.55,13121.0,3644.75
2019-01-02 00:00:00,49.0,12513.5,3558.0
2019-01-02 01:00:00,46.6,12033.25,3548.75
2019-01-02 02:00:00,46.6,11641.75,3544.75
2019-01-02 03:00:00,45.73,11547.25,3527.75
2019-01-02 04:00:00,46.01,11587.75,3484.75
2019-01-02 05:00:00,46.45,11985.5,3410.25
2019-01-02 06:00:00,47.86,13315.25,3262.75
2019-01-02 07:00:00,49.5,15301.25,3050.25
2019-01-02 08:00:00,52.42,16936.5,2777.25
2019-01-02 09:00:00,52.42,17502.75,2485.25
2019-01-02 10:00:00,52.36,17726.0,2267.25
2019-01-02 11:00:00,51.94,17715.0,2109.75
2019-01-02 12:00:00,51.59,17572.0,1990.75
2019-01-02 13:00:00,51.77,17589.0,1843.5
2019-01-02 14:00:00,52.61,17676.75,1645.75
2019-01-02 15:00:00,60.0,17778.75,1514.0
2019-01-02 16:00:00,69.95,18002.25,1430.25
2019-01-02 17:00:00,80.0,18541.5,1359.5
2019-01-02 18:00:00,77.67,17427.0,1269.5
2019-01-02 19:00:00,76.53,16670.75,1195.5
2019-01-02 20:00:00,67.29,15998.75,1162.75
2019-01-02 21:00:00,55.64,15256.25,1136.0
2019-01-02 22:00:00,53.81,14272.0,1123.5
2019-01-02 23:00:00,52.43,13390.0,1065.75
2019-01-03 00:00:00,50.12,12756.5,904.0
2019-01-03 01:00:00,47.1,12312.0,852.25
2019-01-03 02:00:00,46.4,11849.75,825.25
2019-01-03 03:00:00,44.0,11674.75,833.5
2019-01-03 04:00:00,43.88,11761.25,830.25
2019-01-03 05:00:00,45.92,12203.5,779.0
2019-01-03 06:00:00,52.46,13577.25,752.25
2019-01-03 07:00:00,58.63,15827.75,792.25
2019-01-03 08:00:00,65.08,17708.25,816.5
2019-01-03 09:00:00,75.58,18334.75,769.75
2019-01-03 10:00:00,79.68,18311.75,709.25
2019-01-03 11:00:00,74.29,18106.75,651.5
2019-01-03 12:00:00,73.7,17765.5,604.5
2019-01-03 13:00:00,70.31,17759.25,575.0
2019-01-03 14:00:00,69.9,17970.75,555.25
2019-01-03 15:00:00,68.45,18198.25,556.5
2019-01-03 16:00:00,70.0,18640.75,621.0
2019-01-03 17:00:00,73.7,19170.5,651.5
2019-01-03 18:00:00,83.7,18047.0,644.0
2019-01-03 19:00:00,71.34,17278.75,628.25
2019-01-03 20:00:00,68.38,16566.25,602.0
2019-01-03 21:00:00,61.72,15640.75,586.5
2019-01-03 22:00:00,53.81,14368.25,564.5
2019-01-03 23:00:00,49.98,13432.25,518.25
2019-01-04 00:00:00,51.63,12781.0,439.25
2019-01-04 01:00:00,47.11,12240.25,612.5
2019-01-04 02:00:00,47.07,11913.25,820.5
2019-01-04 03:00:00,46.21,11750.5,1132.75
2019-01-04 04:00:00,47.0,11782.5,1347.5
2019-01-04 05:00:00,46.91,12322.5,1406.5
2019-01-04 06:00:00,59.54,13674.0,1474.75
2019-01-04 07:00:00,68.4,15872.25,1496.0
2019-01-04 08:00:00,74.19,17886.0,1550.75
2019-01-04 09:00:00,80.0,18252.5,1605.75
2019-01-04 10:00:00,85.38,18847.25,1657.25
2019-01-04 11:00:00,82.61,18554.75,1732.0
2019-01-04 12:00:00,69.67,18162.5,1845.75
2019-01-04 13:00:00,69.73,17989.0,1985.75
2019-01-04 14:00:00,69.73,17842.75,2145.0
2019-01-04 15:00:00,73.0,17730.25,2231.5
2019-01-04 16:00:00,76.0,17905.75,2139.75
2019-01-04 17:00:00,89.9,18272.0,2021.75
2019-01-04 18:00:00,73.3,17216.0,1967.5
2019-01-04 19:00:00,55.0,16471.5,1982.25
2019-01-04 20:00:00,52.73,15785.0,1984.75
2019-01-04 21:00:00,52.12,14962.0,2032.0
2019-01-04 22:00:00,51.43,14080.25,2123.75
2019-01-04 23:00:00,50.64,13295.0,2270.75
2019-01-05 00:00:00,50.02,12581.0,2587.5
2019-01-05 01:00:00,46.0,12080.75,2782.75
2019-01-05 02:00:00,45.68,11607.5,2933.5
2019-01-05 03:00:00,45.49,11329.0,3109.75
2019-01-05 04:00:00,45.0,11234.5,3207.0
2019-01-05 05:00:00,43.8,11422.75,3257.0
2019-01-05 06:00:00,45.9,11867.75,3263.75
2019-01-05 07:00:00,46.68,12850.0,3200.25
2019-01-05 08:00:00,51.65,14051.25,3071.0
2019-01-05 09:00:00,52.41,14851.75,2952.0
2019-01-05 10:00:00,52.62,15264.25,2910.75
2019-01-05 11:00:00,52.71,15191.0,2919.75
2019-01-05 12:00:00,73.0,14821.5,2869.75
2019-01-05 13:00:00,73.0,14360.25,2720.5
2019-01-05 14:00:00,68.96,14340.75,2603.25
2019-01-05 15:00:00,64.12,14431.75,2534.25
2019-01-05 16:00:00,59.61,14768.0,2481.25
2019-01-05 17:00:00,75.14,15172.5,2454.25
2019-01-05 18:00:00,74.7,14250.25,2434.5
2019-01-05 19:00:00,73.0,13596.25,2386.0
2019-01-05 20:00:00,68.07,13042.5,2287.0
2019-01-05 21:00:00,53.62,12348.25,2155.75
2019-01-05 22:00:00,52.82,11640.25,2076.25
2019-01-05 23:00:00,62.36,11138.0,2027.5
2019-01-06 00:00:00,51.95,10835.5,2000.0
2019-01-06 01:00:00,50.0,10506.75,1921.75
2019-01-06 02:00:00,48.38,10172.5,1804.75
2019-01-06 03:00:00,48.02,10183.0,1654.25
2019-01-06 04:00:00,45.91,10336.0,1446.25
2019-01-06 05:00:00,47.17,10640.0,1232.5
2019-01-06 06:00:00,48.19,10973.5,1038.25
2019-01-06 07:00:00,49.11,11624.75,867.5
2019-01-06 08:00:00,50.7,12738.5,709.5
2019-01-06 09:00:00,53.4,13664.25,591.25
2019-01-06 10:00:00,56.55,14326.25,502.75
2019-01-06 11:00:00,60.02,14753.0,442.5
2019-01-06 12:00:00,60.22,15130.25,395.75
2019-01-06 13:00:00,55.0,15385.5,354.0
2019-01-06 14:00:00,52.39,15458.75,333.0
2019-01-06 15:00:00,51.57,15603.0,324.5
2019-01-06 16:00:00,54.71,15854.5,425.5
2019-01-06 17:00:00,63.43,16441.0,573.75
2019-01-06 18:00:00,67.37,15788.75,765.0
2019-01-06 19:00:00,67.2,15195.5,988.75
2019-01-06 20:00:00,66.03,14755.25,1248.25
2019-01-06 21:00:00,55.36,14252.25,1391.5
2019-01-06 22:00:00,58.59,13480.75,1310.5
2019-01-06 23:00:00,51.89,12643.75,1218.5
2019-01-07 00:00:00,46.03,12078.75,699.5
2019-01-07 01:00:00,47.98,11605.25,766.0
2019-01-07 02:00:00,47.84,11240.0,855.25
2019-01-07 03:00:00,46.11,11170.75,872.75
2019-01-07 04:00:00,46.08,11182.25,907.5
2019-01-07 05:00:00,47.62,11709.0,973.25
2019-01-07 06:00:00,55.77,12992.5,1080.75
2019-01-07 07:00:00,68.61,14827.5,1178.25
2019-01-07 08:00:00,74.15,16565.0,1303.0
2019-01-07 09:00:00,74.93,17366.0,1482.25
2019-01-07 10:00:00,73.59,17557.5,1783.25
2019-01-07 11:00:00,71.23,17512.0,2113.75
2019-01-07 12:00:00,67.27,17242.5,2497.75
2019-01-07 13:00:00,65.14,17051.25,2917.5
2019-01-07 14:00:00,62.56,16992.25,3245.0
2019-01-07 15:00:00,57.56,17108.0,3446.75
2019-01-07 16:00:00,56.99,17405.25,3611.5
2019-01-07 17:00:00,72.82,17783.0,3818.25
2019-01-07 18:00:00,52.89,16599.5,3965.0
2019-01-07 19:00:00,50.0,15733.0,4055.75
2019-01-07 20:00:00,51.0,15080.0,4116.25
2019-01-07 21:00:00,49.0,14161.75,4146.25
2019-01-07 22:00:00,47.54,13193.5,4142.5
2019-01-07 23:00:00,44.4,12494.25,4184.75
2019-01-08 00:00:00,36.7,11795.5,3658.25
2019-01-08 01:00:00,45.56,11359.0,3734.5
2019-01-08 02:00:00,39.0,10921.5,3816.5
2019-01-08 03:00:00,40.0,10707.0,3878.5
2019-01-08 04:00:00,32.8,10558.0,3945.75
2019-01-08 05:00:00,43.0,10767.75,3997.5
2019-01-08 06:00:00,53.96,11426.25,4044.75
2019-01-08 07:00:00,53.0,12529.0,4080.5
2019-01-08 08:00:00,59.8,13746.5,4091.0
2019-01-08 09:00:00,60.1,14321.0,4099.75
2019-01-08 10:00:00,55.89,14312.75,4098.75
2019-01-08 11:00:00,53.48,14303.75,4096.25
2019-01-08 12:00:00,48.7,14324.25,4090.5
2019-01-08 13:00:00,49.01,14257.5,4091.5
2019-01-08 14:00:00,52.38,14430.5,4084.75
2019-01-08 15:00:00,52.37,14602.25,4114.25
2019-01-08 16:00:00,52.84,14722.75,4129.75
2019-01-08 17:00:00,78.24,15325.5,4119.5
2019-01-08 18:00:00,52.29,14674.75,4089.25
2019-01-08 19:00:00,48.38,14122.5,4053.25
2019-01-08 20:00:00,50.1,13619.75,3998.75
2019-01-08 21:00:00,51.12,13018.0,3913.25
2019-01-08 22:00:00,50.66,12376.5,3761.75
2019-01-08 23:00:00,46.72,11584.5,3641.5
2019-01-09 00:00:00,42.6,11064.75,3603.75
2019-01-09 01:00:00,39.5,10601.0,3553.25
2019-01-09 02:00:00,37.0,10251.0,3466.75
2019-01-09 03:00:00,42.4,10160.5,3406.5
2019-01-09 04:00:00,36.42,10236.0,3347.75
2019-01-09 05:00:00,42.0,10820.75,3216.75
2019-01-09 06:00:00,50.63,12101.0,3140.25
2019-01-09 07:00:00,57.51,13780.75,2967.75
2019-01-09 08:00:00,66.69,15418.75,2772.75
2019-01-09 09:00:00,65.9,16305.75,2644.5
2019-01-09 10:00:00,68.2,16617.0,2688.5
2019-01-09 11:00:00,54.0,16686.25,2782.0
2019-01-09 12:00:00,51.09,16641.75,2886.25
2019-01-09 13:00:00,50.1,16724.75,2878.5
2019-01-09 14:00:00,52.56,16844.25,2808.75
2019-01-09 15:00:00,53.95,16932.25,2700.0
2019-01-09 16:00:00,64.37,17168.5,2557.25
2019-01-09 17:00:00,75.64,17862.0,2471.0
2019-01-09 18:00:00,74.22,16802.75,2408.5
2019-01-09 19:00:00,55.98,16002.75,2324.25
2019-01-09 20:00:00,54.73,15473.25,2248.25
2019-01-09 21:00:00,50.02,14839.5,2113.5
2019-01-09 22:00:00,52.64,13969.25,1885.0
2019-01-09 23:00:00,50.31,13183.25,1626.25
2019-01-10 00:00:00,51.07,12577.5,1313.5
2019-01-10 01:00:00,49.61,12114.75,1058.5
2019-01-10 02:00:00,48.63,11675.5,826.0
2019-01-10 03:00:00,48.8,11513.0,636.5
2019-01-10 04:00:00,48.5,11565.25,494.5
2019-01-10 05:00:00,49.8,12060.75,369.25
2019-01-10 06:00:00,59.29,13313.75,247.75
2019-01-10 07:00:00,72.6,15297.25,152.25
2019-01-10 08:00:00,81.17,17131.0,100.75
2019-01-10 09:00:00,81.79,17874.25,69.5
2019-01-10 10:00:00,81.15,18027.75,60.25
2019-01-10 11:00:00,80.0,18016.25,68.5
2019-01-10 12:00:00,76.39,17758.5,72.0
2019-01-10 13:00:00,75.0,17660.0,59.75
2019-01-10 14:00:00,76.06,17839.0,71.75
2019-01-10 15:00:00,75.4,17968.25,93.75
2019-01-10 16:00:00,76.78,18316.5,132.0
2019-01-10 17:00:00,83.45,18881.0,178.5
2019-01-10 18:00:00,85.15,17690.0,244.0
2019-01-10 19:00:00,78.16,16836.5,298.75
2019-01-10 20:00:00,71.92,16120.75,380.25
2019-01-10 21:00:00,67.25,15253.75,531.75
2019-01-10 22:00:00,62.04,14125.25,707.5
2019-01-10 23:00:00,51.07,13241.75,902.5
2019-01-11 00:00:00,46.0,12602.75,1337.75
2019-01-11 01:00:00,44.2,12091.75,1476.75
2019-01-11 02:00:00,45.43,11734.0,1687.0
2019-01-11 03:00:00,46.42,11529.5,1931.75
2019-01-11 04:00:00,45.0,11550.5,2004.25
2019-01-11 05:00:00,43.5,12005.25,1926.25
2019-01-11 06:00:00,50.0,13187.0,1792.25
2019-01-11 07:00:00,54.78,15031.5,1755.5
2019-01-11 08:00:00,60.02,16939.0,1746.25
2019-01-11 09:00:00,69.96,17431.0,1728.0
2019-01-11 10:00:00,70.27,18175.5,1798.25
2019-01-11 11:00:00,71.33,18047.5,1898.75
2019-01-11 12:00:00,53.61,17843.0,1965.5
2019-01-11 13:00:00,52.48,17644.5,2026.25
2019-01-11 14:00:00,50.96,17492.5,2050.5
2019-01-11 15:00:00,50.69,17273.25,2089.75
2019-01-11 16:00:00,51.17,17319.25,2166.5
2019-01-11 17:00:00,65.0,17631.5,2273.5
2019-01-11 18:00:00,52.11,16532.75,2282.0
2019-01-11 19:00:00,51.28,15813.5,2269.0
2019-01-11 20:00:00,51.17,15147.25,2243.0
2019-01-11 21:00:00,47.37,14335.75,2159.0
2019-01-11 22:00:00,46.45,13533.25,2017.0
2019-01-11 23:00:00,45.88,12772.25,1921.75
2019-01-12 00:00:00,46.8,12025.75,1949.0
2019-01-12 01:00:00,46.48,11521.0,2009.75
2019-01-12 02:00:00,49.0,11040.25,1990.5
2019-01-12 03:00:00,43.69,10682.75,1973.0
2019-01-12 04:00:00,46.27,10558.25,2112.5
2019-01-12 05:00:00,42.6,10724.5,2286.25
2019-01-12 06:00:00,42.98,11156.0,2444.0
2019-01-12 07:00:00,50.99,12090.5,2617.5
2019-01-12 08:00:00,54.5,13215.75,2808.0
2019-01-12 09:00:00,62.11,13994.0,3025.25
2019-01-12 10:00:00,65.0,14541.5,3193.5
2019-01-12 11:00:00,64.01,14623.75,3280.5
2019-01-12 12:00:00,51.98,14411.25,3292.25
2019-01-12 13:00:00,49.0,14162.0,3248.25
2019-01-12 14:00:00,51.75,14169.5,3213.25
2019-01-12 15:00:00,52.5,14267.5,3215.0
2019-01-12 16:00:00,52.81,14592.75,3238.25
2019-01-12 17:00:00,59.47,15076.5,3281.75
2019-01-12 18:00:00,49.9,14241.75,3280.25
2019-01-12 19:00:00,49.59,13657.25,3271.5
2019-01-12 20:00:00,48.42,13195.0,3257.75
2019-01-12 21:00:00,49.0,12556.5,3155.5
2019-01-12 22:00:00,47.58,11839.0,3000.0
2019-01-12 23:00:00,47.55,11237.25,2819.25
2019-01-13 00:00:00,52.4,10914.75,2556.75
2019-01-13 01:00:00,47.93,10591.0,2516.25
2019-01-13 02:00:00,43.44,10276.75,2498.5
2019-01-13 03:00:00,33.48,10262.0,2568.75
2019-01-13 04:00:00,34.63,10379.25,2816.5
2019-01-13 05:00:00,34.63,10634.75,3118.25
2019-01-13 06:00:00,28.97,11008.25,3356.5
2019-01-13 07:00:00,40.0,11572.75,3499.5
2019-01-13 08:00:00,38.3,12499.75,3585.75
2019-01-13 09:00:00,47.33,13364.5,3614.75
2019-01-13 10:00:00,48.8,14021.75,3601.5
2019-01-13 11:00:00,51.5,14502.25,3609.25
2019-01-13 12:00:00,51.52,14841.25,3679.5
2019-01-13 13:00:00,50.99,15074.75,3851.75
2019-01-13 14:00:00,50.0,15182.75,4011.25
2019-01-13 15:00:00,50.84,15367.5,4097.5
2019-01-13 16:00:00,51.82,15572.0,4124.25
2019-01-13 17:00:00,72.5,16194.75,4157.75
2019-01-13 18:00:00,51.55,15578.75,4145.75
2019-01-13 19:00:00,51.73,15041.5,4106.0
2019-01-13 20:00:00,48.28,14641.25,4029.5
2019-01-13 21:00:00,47.61,14193.75,3903.25
2019-01-13 22:00:00,45.1,13506.75,3743.0
2019-01-13 23:00:00,42.2,12650.0,3549.75
2019-01-14 00:00:00,46.52,12129.0,3223.75
2019-01-14 01:00:00,42.4,11669.0,2920.0
2019-01-14 02:00:00,46.48,11313.25,2669.75
2019-01-14 03:00:00,46.37,11249.75,2585.25
2019-01-14 04:00:00,45.0,11280.0,2589.25
2019-01-14 05:00:00,46.67,11822.75,2430.25
2019-01-14 06:00:00,50.41,13065.25,2467.75
2019-01-14 07:00:00,58.0,14837.5,2593.0
2019-01-14 08:00:00,63.14,16484.25,2667.0
2019-01-14 09:00:00,66.3,17187.75,2736.0
2019-01-14 10:00:00,65.5,17345.25,2851.0
2019-01-14 11:00:00,51.94,17247.0,3007.75
2019-01-14 12:00:00,48.3,16902.75,3084.25
2019-01-14 13:00:00,51.57,16675.0,2991.0
2019-01-14 14:00:00,51.73,16611.5,2821.25
2019-01-14 15:00:00,62.12,16556.5,2617.75
2019-01-14 16:00:00,65.17,16695.75,2461.5
2019-01-14 17:00:00,85.74,16954.25,2421.5
2019-01-14 18:00:00,63.14,15750.0,2266.75
2019-01-14 19:00:00,56.0,14920.25,2006.0
2019-01-14 20:00:00,52.14,14220.0,1790.0
2019-01-14 21:00:00,55.0,13274.75,1606.0
2019-01-14 22:00:00,51.68,12364.5,1504.0
2019-01-14 23:00:00,47.43,11724.5,1475.5
2019-01-15 00:00:00,46.67,11137.0,1707.75
2019-01-15 01:00:00,42.0,10668.0,1881.0
2019-01-15 02:00:00,38.3,10195.0,2058.5
2019-01-15 03:00:00,36.0,9969.0,2157.25
2019-01-15 04:00:00,42.2,9801.5,2176.75
2019-01-15 05:00:00,44.3,9946.0,2198.5
2019-01-15 06:00:00,47.4,10545.25,2232.0
2019-01-15 07:00:00,57.45,11666.5,2324.0
2019-01-15 08:00:00,62.36,12767.5,2424.75
2019-01-15 09:00:00,61.72,13307.25,2556.5
2019-01-15 10:00:00,60.2,13524.5,2689.75
2019-01-15 11:00:00,56.82,13575.75,2821.75
2019-01-15 12:00:00,55.7,13616.5,2905.25
2019-01-15 13:00:00,54.9,13567.5,2908.75
2019-01-15 14:00:00,54.37,13647.25,2864.5
2019-01-15 15:00:00,52.12,13802.75,2801.25
2019-01-15 16:00:00,55.0,13982.5,2771.25
2019-01-15 17:00:00,62.8,14654.75,2754.5
2019-01-15 18:00:00,50.86,14170.25,2718.25
2019-01-15 19:00:00,51.07,13678.0,2702.75
2019-01-15 20:00:00,50.82,13210.0,2677.25
2019-01-15 21:00:00,49.99,12547.75,2675.5
2019-01-15 22:00:00,48.79,11867.25,2646.75
2019-01-15 23:00:00,47.1,11172.0,2592.25
2019-01-16 00:00:00,41.6,10723.25,2688.5
2019-01-16 01:00:00,38.3,10323.25,2703.25
2019-01-16 02:00:00,44.2,10015.5,2727.5
2019-01-16 03:00:00,42.1,9887.0,2727.75
2019-01-16 04:00:00,39.7,9933.0,2786.0
2019-01-16 05:00:00,39.0,10494.25,2850.25
2019-01-16 06:00:00,46.63,11707.0,2909.25
2019-01-16 07:00:00,60.05,13449.0,2997.75
2019-01-16 08:00:00,63.14,15053.0,3076.5
2019-01-16 09:00:00,60.2,15936.25,3149.25
2019-01-16 10:00:00,56.01,16208.25,3187.5
2019-01-16 11:00:00,56.74,16110.0,3215.25
2019-01-16 12:00:00,54.0,15885.25,3232.0
2019-01-16 13:00:00,52.69,15912.5,3239.0
2019-01-16 14:00:00,55.32,16013.0,3266.25
2019-01-16 15:00:00,53.72,16182.5,3310.0
2019-01-16 16:00:00,60.39,16551.5,3411.0
2019-01-16 17:00:00,63.1,17475.5,3521.75
2019-01-16 18:00:00,52.67,16569.25,3581.0
2019-01-16 19:00:00,50.92,15781.75,3537.5
2019-01-16 20:00:00,49.7,15267.25,3391.75
2019-01-16 21:00:00,49.5,14690.25,3091.75
2019-01-16 22:00:00,48.08,13835.75,2857.5
2019-01-16 23:00:00,48.2,13089.25,2704.0
2019-01-17 00:00:00,48.6,12599.75,2009.75
2019-01-17 01:00:00,46.6,12256.0,2259.75
2019-01-17 02:00:00,46.9,11909.75,2344.75
2019-01-17 03:00:00,46.76,11811.0,2321.5
2019-01-17 04:00:00,46.94,11914.75,2215.25
2019-01-17 05:00:00,48.6,12431.75,2137.25
2019-01-17 06:00:00,54.58,13742.0,2097.25
2019-01-17 07:00:00,63.55,15766.25,2026.5
2019-01-17 08:00:00,68.66,17603.5,1898.5
2019-01-17 09:00:00,69.85,18392.75,1870.25
2019-01-17 10:00:00,64.9,18656.5,2089.0
2019-01-17 11:00:00,65.57,18573.5,2221.75
2019-01-17 12:00:00,59.0,18271.75,2288.0
2019-01-17 13:00:00,56.27,18159.5,2596.5
2019-01-17 14:00:00,56.81,18290.5,2808.0
2019-01-17 15:00:00,57.75,18359.25,2858.0
2019-01-17 16:00:00,59.32,18595.5,2836.0
2019-01-17 17:00:00,79.44,19282.75,2779.25
2019-01-17 18:00:00,56.88,18152.0,2739.5
2019-01-17 19:00:00,53.85,17303.0,2693.75
2019-01-17 20:00:00,50.0,16534.25,2737.0
2019-01-17 21:00:00,51.06,15571.75,2704.25
2019-01-17 22:00:00,47.4,14452.25,2467.5
2019-01-17 23:00:00,50.57,13634.0,2113.5
2019-01-18 00:00:00,53.9,12633.75,1200.75
2019-01-18 01:00:00,49.66,12118.75,829.25
2019-01-18 02:00:00,48.52,11794.75,520.5
2019-01-18 03:00:00,48.54,11623.25,302.75
2019-01-18 04:00:00,48.5,11641.0,198.75
2019-01-18 05:00:00,51.85,12086.5,172.5
2019-01-18 06:00:00,59.26,13204.0,195.75
2019-01-18 07:00:00,73.08,15078.25,259.25
2019-01-18 08:00:00,76.86,16793.75,357.0
2019-01-18 09:00:00,74.4,17605.5,404.25
2019-01-18 10:00:00,74.4,17769.25,345.5
2019-01-18 11:00:00,71.28,17749.5,307.25
2019-01-18 12:00:00,69.25,17613.5,296.25
2019-01-18 13:00:00,65.27,17496.75,275.25
2019-01-18 14:00:00,67.44,17362.25,278.75
2019-01-18 15:00:00,68.14,17300.25,345.25
2019-01-18 16:00:00,69.0,17411.75,422.5
2019-01-18 17:00:00,75.04,17794.25,475.5
2019-01-18 18:00:00,76.13,16744.5,533.5
2019-01-18 19:00:00,72.46,16002.0,567.25
2019-01-18 20:00:00,61.83,15219.25,569.5
2019-01-18 21:00:00,58.19,14200.75,588.25
2019-01-18 22:00:00,56.7,13348.0,616.75
2019-01-18 23:00:00,53.16,12626.0,639.0
2019-01-19 00:00:00,57.78,12297.75,593.75
2019-01-19 01:00:00,57.32,11755.25,622.25
2019-01-19 02:00:00,55.18,11241.5,642.5
2019-01-19 03:00:00,55.0,10893.5,651.5
2019-01-19 04:00:00,53.88,10670.5,660.25
2019-01-19 05:00:00,53.71,10748.75,697.25
2019-01-19 06:00:00,53.43,11179.75,770.5
2019-01-19 07:00:00,56.49,11877.0,836.25
2019-01-19 08:00:00,60.46,12957.0,832.0
2019-01-19 09:00:00,62.48,13932.5,789.5
2019-01-19 10:00:00,62.49,14564.75,718.5
2019-01-19 11:00:00,57.33,14686.0,628.0
2019-01-19 12:00:00,55.26,14605.75,578.75
2019-01-19 13:00:00,55.43,14385.75,605.25
2019-01-19 14:00:00,58.08,14261.0,645.75
2019-01-19 15:00:00,58.48,14176.25,744.5
2019-01-19 16:00:00,62.93,14300.75,921.25
2019-01-19 17:00:00,67.15,14765.75,1082.5
2019-01-19 18:00:00,68.91,13960.25,1190.25
2019-01-19 19:00:00,63.42,13287.75,1143.75
2019-01-19 20:00:00,60.22,12813.25,1089.75
2019-01-19 21:00:00,58.53,12160.5,1029.0
2019-01-19 22:00:00,58.52,11519.75,935.75
2019-01-19 23:00:00,56.46,10927.5,810.5
2019-01-20 00:00:00,56.0,10654.75,673.5
2019-01-20 01:00:00,54.1,10417.25,601.5
2019-01-20 02:00:00,53.83,10166.5,545.5
2019-01-20 03:00:00,51.35,10083.75,477.5
2019-01-20 04:00:00,50.45,10187.75,454.0
2019-01-20 05:00:00,50.47,10363.5,428.5
2019-01-20 06:00:00,48.96,10605.25,410.0
2019-01-20 07:00:00,50.17,11032.5,365.5
2019-01-20 08:00:00,52.41,11907.0,303.25
2019-01-20 09:00:00,56.9,12628.25,245.25
2019-01-20 10:00:00,57.0,13177.0,184.25
2019-01-20 11:00:00,56.51,13702.0,142.25
2019-01-20 12:00:00,55.96,14076.75,123.0
2019-01-20 13:00:00,53.9,14165.25,133.5
2019-01-20 14:00:00,55.54,14164.75,149.25
2019-01-20 15:00:00,55.39,14219.75,171.0
2019-01-20 16:00:00,58.02,14346.0,200.5
2019-01-20 17:00:00,66.68,15056.5,221.75
2019-01-20 18:00:00,69.43,14610.5,211.5
2019-01-20 19:00:00,69.91,14169.75,151.75
2019-01-20 20:00:00,68.78,13827.0,97.0
2019-01-20 21:00:00,61.16,13250.25,55.0
2019-01-20 22:00:00,62.26,12606.5,35.5
2019-01-20 23:00:00,57.47,11865.75,33.0
2019-01-21 00:00:00,55.54,11411.75,38.0
2019-01-21 01:00:00,53.02,11150.75,41.5
2019-01-21 02:00:00,52.1,10951.25,54.0
2019-01-21 03:00:00,51.31,10955.5,71.75
2019-01-21 04:00:00,51.14,11105.75,106.5
2019-01-21 05:00:00,53.23,11689.25,151.5
2019-01-21 06:00:00,67.16,13079.25,189.75
2019-01-21 07:00:00,79.62,15133.0,224.0
2019-01-21 08:00:00,88.06,16985.25,242.0
2019-01-21 09:00:00,86.01,17602.75,246.5
2019-01-21 10:00:00,80.04,17679.5,242.75
2019-01-21 11:00:00,75.0,17495.25,236.75
2019-01-21 12:00:00,70.65,17050.5,252.0
2019-01-21 13:00:00,71.56,16868.25,292.5
2019-01-21 14:00:00,72.03,16805.0,343.0
2019-01-21 15:00:00,76.49,16798.5,428.75
2019-01-21 16:00:00,81.08,16978.5,581.5
2019-01-21 17:00:00,88.35,17400.25,756.5
2019-01-21 18:00:00,88.5,16363.0,863.25
2019-01-21 19:00:00,79.93,15559.25,965.75
2019-01-21 20:00:00,73.69,14830.5,1092.5
2019-01-21 21:00:00,66.52,13858.25,1179.5
2019-01-21 22:00:00,53.6,12834.75,1282.75
2019-01-21 23:00:00,52.5,12150.75,1403.75
2019-01-22 00:00:00,47.1,11602.5,1617.25
2019-01-22 01:00:00,48.66,11086.75,1773.75
2019-01-22 02:00:00,48.41,10686.0,1936.25
2019-01-22 03:00:00,50.8,10444.0,2115.5
2019-01-22 04:00:00,51.73,10318.75,2269.5
2019-01-22 05:00:00,47.58,10651.25,2352.0
2019-01-22 06:00:00,60.24,11750.0,2404.25
2019-01-22 07:00:00,71.19,13532.0,2487.5
2019-01-22 08:00:00,76.08,14767.5,2566.5
2019-01-22 09:00:00,75.05,15082.0,2618.75
2019-01-22 10:00:00,76.64,15256.25,2606.5
2019-01-22 11:00:00,72.8,15263.5,2567.0
2019-01-22 12:00:00,71.23,15115.5,2460.5
2019-01-22 13:00:00,72.8,15153.25,2195.25
2019-01-22 14:00:00,74.3,15160.75,1890.25
2019-01-22 15:00:00,75.04,15260.25,1628.25
2019-01-22 16:00:00,81.45,15493.25,1496.25
2019-01-22 17:00:00,89.7,16227.5,1339.75
2019-01-22 18:00:00,90.87,15545.75,1198.75
2019-01-22 19:00:00,82.76,14977.5,1095.75
2019-01-22 20:00:00,58.34,14378.25,988.25
2019-01-22 21:00:00,55.38,13465.5,881.75
2019-01-22 22:00:00,52.7,12488.0,834.75
2019-01-22 23:00:00,49.9,11661.0,796.5
2019-01-23 00:00:00,45.7,11082.75,732.0
2019-01-23 01:00:00,50.41,10655.75,631.25
2019-01-23 02:00:00,49.9,10416.75,497.25
2019-01-23 03:00:00,51.19,10325.5,381.75
2019-01-23 04:00:00,51.02,10421.5,331.25
2019-01-23 05:00:00,54.81,10976.5,291.5
2019-01-23 06:00:00,61.86,12467.5,251.0
2019-01-23 07:00:00,82.11,14740.75,220.75
2019-01-23 08:00:00,92.15,16534.0,198.25
2019-01-23 09:00:00,93.65,17161.25,189.5
2019-01-23 10:00:00,91.93,17044.75,190.75
2019-01-23 11:00:00,93.13,16891.25,197.5
2019-01-23 12:00:00,84.96,16558.25,203.75
2019-01-23 13:00:00,83.99,16529.25,200.0
2019-01-23 14:00:00,85.59,16613.5,192.75
2019-01-23 15:00:00,86.87,16747.25,201.0
2019-01-23 16:00:00,84.96,17051.75,222.25
2019-01-23 17:00:00,90.01,17869.75,245.75
2019-01-23 18:00:00,94.15,16802.75,255.5
2019-01-23 19:00:00,90.54,15951.5,218.75
2019-01-23 20:00:00,78.43,15208.75,180.0
2019-01-23 21:00:00,68.04,14395.75,143.25
2019-01-23 22:00:00,59.88,13449.0,116.75
2019-01-23 23:00:00,50.6,12852.0,106.25
2019-01-24 00:00:00,59.9,12392.0,105.5
2019-01-24 01:00:00,57.65,12014.5,85.25
2019-01-24 02:00:00,57.4,11614.25,68.25
2019-01-24 03:00:00,56.13,11495.75,54.75
2019-01-24 04:00:00,56.95,11615.5,63.5
2019-01-24 05:00:00,61.53,12121.25,72.75
2019-01-24 06:00:00,70.75,13599.5,86.5
2019-01-24 07:00:00,99.07,15867.0,102.0
2019-01-24 08:00:00,113.07,17806.5,108.5
2019-01-24 09:00:00,111.23,18483.0,105.75
2019-01-24 10:00:00,108.25,18441.0,98.75
2019-01-24 11:00:00,103.69,18227.75,82.75
2019-01-24 12:00:00,98.33,17883.5,64.0
2019-01-24 13:00:00,92.63,17769.0,68.75
2019-01-24 14:00:00,89.86,17659.5,83.0
2019-01-24 15:00:00,90.45,17785.0,66.75
2019-01-24 16:00:00,95.01,17976.75,62.5
2019-01-24 17:00:00,106.82,18675.25,74.5
2019-01-24 18:00:00,121.46,17651.5,88.0
2019-01-24 19:00:00,102.06,16935.25,89.25
2019-01-24 20:00:00,89.34,16115.75,94.0
2019-01-24 21:00:00,74.43,15094.0,92.25
2019-01-24 22:00:00,69.63,13997.5,94.5
2019-01-24 23:00:00,61.1,13143.5,101.5
2019-01-25 00:00:00,64.63,12713.5,168.5
2019-01-25 01:00:00,60.64,12302.5,166.5
2019-01-25 02:00:00,57.8,12034.25,172.25
2019-01-25 03:00:00,55.19,11947.0,193.5
2019-01-25 04:00:00,55.28,12058.75,252.25
2019-01-25 05:00:00,58.98,12553.0,330.5
2019-01-25 06:00:00,64.51,13817.0,439.75
2019-01-25 07:00:00,84.48,15999.25,587.5
2019-01-25 08:00:00,97.0,17815.75,758.25
2019-01-25 09:00:00,93.64,18406.75,956.5
2019-01-25 10:00:00,85.0,18275.75,1218.75
2019-01-25 11:00:00,78.0,18032.75,1495.25
2019-01-25 12:00:00,71.81,17770.0,1795.0
2019-01-25 13:00:00,69.87,17705.75,2136.75
2019-01-25 14:00:00,68.64,17684.0,2435.5
2019-01-25 15:00:00,65.58,17757.75,2676.25
2019-01-25 16:00:00,65.08,17827.5,2749.75
2019-01-25 17:00:00,70.87,18270.5,2759.0
2019-01-25 18:00:00,71.52,17299.25,2729.0
2019-01-25 19:00:00,51.33,16452.75,2714.75
2019-01-25 20:00:00,49.5,15651.5,2700.75
2019-01-25 21:00:00,49.8,14602.75,2671.0
2019-01-25 22:00:00,47.21,13660.5,2603.25
2019-01-25 23:00:00,43.0,12951.75,2510.0
2019-01-26 00:00:00,48.9,12572.0,2384.25
2019-01-26 01:00:00,54.88,12026.75,2499.5
2019-01-26 02:00:00,49.9,11498.75,2678.0
2019-01-26 03:00:00,41.96,11160.5,2860.25
2019-01-26 04:00:00,41.65,10912.75,3011.5
2019-01-26 05:00:00,40.72,10973.25,3080.0
2019-01-26 06:00:00,41.53,11440.25,2998.0
2019-01-26 07:00:00,47.5,12178.5,2732.75
2019-01-26 08:00:00,51.37,13410.0,2492.25
2019-01-26 09:00:00,56.33,14479.0,2358.0
2019-01-26 10:00:00,58.62,15047.0,2327.5
2019-01-26 11:00:00,59.18,15011.5,2338.75
2019-01-26 12:00:00,56.72,14849.0,2390.0
2019-01-26 13:00:00,57.44,14630.75,2391.0
2019-01-26 14:00:00,53.32,14523.25,2385.25
2019-01-26 15:00:00,52.8,14549.5,2467.0
2019-01-26 16:00:00,52.44,14760.0,2628.0
2019-01-26 17:00:00,55.95,15466.75,2793.25
2019-01-26 18:00:00,57.92,14866.5,2929.5
2019-01-26 19:00:00,52.75,14112.75,3079.5
2019-01-26 20:00:00,47.4,13498.5,3257.0
2019-01-26 21:00:00,44.99,12791.5,3362.25
2019-01-26 22:00:00,44.04,12251.75,3395.5
2019-01-26 23:00:00,40.4,11674.0,3473.75
2019-01-27 00:00:00,45.0,11518.25,3466.75
2019-01-27 01:00:00,48.0,11255.25,3355.5
2019-01-27 02:00:00,44.6,10915.25,3251.75
2019-01-27 03:00:00,38.9,10748.25,3161.25
2019-01-27 04:00:00,33.58,10733.5,3025.0
2019-01-27 05:00:00,19.9,10831.75,2934.75
2019-01-27 06:00:00,26.0,11060.75,2803.0
2019-01-27 07:00:00,37.4,11452.25,2695.25
2019-01-27 08:00:00,34.97,12278.5,2469.75
2019-01-27 09:00:00,43.1,13002.0,2229.5
2019-01-27 10:00:00,54.35,13379.5,2138.25
2019-01-27 11:00:00,55.0,13624.25,2155.5
2019-01-27 12:00:00,46.97,13831.0,2238.75
2019-01-27 13:00:00,43.25,13799.75,2320.75
2019-01-27 14:00:00,41.25,13782.0,2466.0
2019-01-27 15:00:00,40.67,13909.0,2699.75
2019-01-27 16:00:00,41.26,14196.5,2991.75
2019-01-27 17:00:00,47.25,15114.0,3272.25
2019-01-27 18:00:00,52.64,14824.75,3446.5
2019-01-27 19:00:00,52.96,14357.75,3468.5
2019-01-27 20:00:00,50.44,13995.25,3355.75
2019-01-27 21:00:00,47.78,13378.25,3212.75
2019-01-27 22:00:00,50.82,12695.25,3184.0
2019-01-27 23:00:00,44.85,11984.25,3269.75
2019-01-28 00:00:00,49.39,11642.75,2642.0
2019-01-28 01:00:00,40.97,11506.0,2704.5
2019-01-28 02:00:00,40.42,11360.25,2814.0
2019-01-28 03:00:00,37.8,11415.5,2935.25
2019-01-28 04:00:00,38.09,11615.25,2985.25
2019-01-28 05:00:00,41.83,12234.25,3031.5
2019-01-28 06:00:00,53.09,13898.5,3065.0
2019-01-28 07:00:00,64.04,16447.5,3137.75
2019-01-28 08:00:00,64.65,18540.5,3250.25
2019-01-28 09:00:00,59.92,18958.0,3349.0
2019-01-28 10:00:00,53.43,18664.0,3350.75
2019-01-28 11:00:00,55.78,18163.0,3368.0
2019-01-28 12:00:00,53.79,17565.5,3354.0
2019-01-28 13:00:00,50.0,17417.75,3262.25
2019-01-28 14:00:00,48.96,17415.5,3092.5
2019-01-28 15:00:00,47.4,17618.0,2900.0
2019-01-28 16:00:00,51.74,17910.5,2746.75
2019-01-28 17:00:00,62.0,18502.75,2581.75
2019-01-28 18:00:00,59.9,17534.5,2428.25
2019-01-28 19:00:00,53.85,16645.5,2325.25
2019-01-28 20:00:00,49.9,15854.75,2153.25
2019-01-28 21:00:00,50.35,14850.0,2038.5
2019-01-28 22:00:00,46.36,13625.5,1851.5
2019-01-28 23:00:00,44.9,12713.5,1661.5
2019-01-29 00:00:00,47.6,12172.5,1081.0
2019-01-29 01:00:00,48.66,11509.5,1039.5
2019-01-29 02:00:00,48.09,11038.25,1071.0
2019-01-29 03:00:00,45.22,10824.0,1054.75
2019-01-29 04:00:00,45.97,10773.0,1138.0
2019-01-29 05:00:00,47.4,11204.0,1257.0
2019-01-29 06:00:00,55.93,12681.25,1359.75
2019-01-29 07:00:00,65.78,15260.0,1442.25
2019-01-29 08:00:00,72.98,17029.5,1518.0
2019-01-29 09:00:00,72.58,17392.0,1555.25
2019-01-29 10:00:00,71.36,17423.75,1552.0
2019-01-29 11:00:00,70.14,17318.25,1601.25
2019-01-29 12:00:00,65.99,17160.25,1665.0
2019-01-29 13:00:00,66.77,17256.5,1631.0
2019-01-29 14:00:00,66.56,17311.0,1470.25
2019-01-29 15:00:00,66.0,17419.75,1327.25
2019-01-29 16:00:00,69.33,17472.0,1382.0
2019-01-29 17:00:00,71.45,17934.75,1500.75
2019-01-29 18:00:00,72.82,16968.5,1602.5
2019-01-29 19:00:00,69.81,16206.75,1639.0
2019-01-29 20:00:00,56.22,15477.0,1631.5
2019-01-29 21:00:00,53.47,14432.25,1554.0
2019-01-29 22:00:00,45.0,13291.25,1448.5
2019-01-29 23:00:00,48.0,12428.25,1323.75
2019-01-30 00:00:00,43.0,12315.25,1278.75
2019-01-30 01:00:00,46.36,11842.75,1223.75
2019-01-30 02:00:00,45.1,11527.25,1202.75
2019-01-30 03:00:00,42.85,11341.5,1116.0
2019-01-30 04:00:00,42.74,11490.5,979.25
2019-01-30 05:00:00,46.34,12024.5,866.75
2019-01-30 06:00:00,52.12,13584.0,753.75
2019-01-30 07:00:00,64.99,16062.0,665.5
2019-01-30 08:00:00,68.17,17887.5,618.25
2019-01-30 09:00:00,72.47,18357.75,579.0
2019-01-30 10:00:00,83.6,18189.25,508.75
2019-01-30 11:00:00,82.83,17941.5,426.5
2019-01-30 12:00:00,84.32,17454.0,379.25
2019-01-30 13:00:00,85.38,17603.75,374.75
2019-01-30 14:00:00,74.6,17792.0,379.25
2019-01-30 15:00:00,78.8,17912.5,391.25
2019-01-30 16:00:00,76.43,18068.75,377.25
2019-01-30 17:00:00,72.96,18584.0,381.0
2019-01-30 18:00:00,94.59,17512.25,403.0
2019-01-30 19:00:00,60.0,16618.5,431.75
2019-01-30 20:00:00,58.0,15799.25,485.5
2019-01-30 21:00:00,56.23,14858.25,549.5
2019-01-30 22:00:00,50.1,13913.5,606.5
2019-01-30 23:00:00,47.1,13276.5,665.75
2019-01-31 00:00:00,43.9,12694.5,337.25
2019-01-31 01:00:00,46.84,12226.75,391.0
2019-01-31 02:00:00,46.78,11807.0,471.0
2019-01-31 03:00:00,46.82,11694.5,627.25
2019-01-31 04:00:00,45.08,11789.75,779.25
2019-01-31 05:00:00,48.7,12319.25,901.5
2019-01-31 06:00:00,62.27,13903.0,1004.5
2019-01-31 07:00:00,71.7,16399.75,987.0
2019-01-31 08:00:00,78.49,18288.5,951.75
2019-01-31 09:00:00,79.36,18921.5,962.5
2019-01-31 10:00:00,77.96,18810.5,1005.5
2019-01-31 11:00:00,71.59,18565.25,979.25
2019-01-31 12:00:00,66.81,17998.5,817.25
2019-01-31 13:00:00,66.22,18075.0,697.25
2019-01-31 14:00:00,66.16,18050.75,635.25
2019-01-31 15:00:00,66.16,18188.75,651.25
2019-01-31 16:00:00,65.35,18364.0,786.0
2019-01-31 17:00:00,66.68,18918.25,945.0
2019-01-31 18:00:00,66.98,18024.5,1105.75
2019-01-31 19:00:00,65.4,17297.5,1290.0
2019-01-31 20:00:00,59.9,16429.5,1566.25
2019-01-31 21:00:00,52.84,15363.0,1834.0
2019-01-31 22:00:00,51.36,14263.5,2019.25
2019-01-31 23:00:00,47.36,13346.0,2116.5
2019-02-01 00:00:00,44.09,12963.75,2013.75
2019-02-01 01:00:00,45.47,12614.5,2091.25
2019-02-01 02:00:00,43.1,12317.75,2141.0
2019-02-01 03:00:00,41.1,12233.0,2198.5
2019-02-01 04:00:00,41.51,12353.25,2103.25
2019-02-01 05:00:00,45.76,12849.5,1938.5
2019-02-01 06:00:00,52.44,14292.0,1741.75
2019-02-01 07:00:00,66.44,16712.75,1514.5
2019-02-01 08:00:00,72.94,18573.0,1231.5
2019-02-01 09:00:00,84.25,19072.25,1005.25
2019-02-01 10:00:00,83.81,18899.25,863.5
2019-02-01 11:00:00,84.23,18604.25,692.5
2019-02-01 12:00:00,80.49,18265.25,559.25
2019-02-01 13:00:00,78.64,18206.75,437.75
2019-02-01 14:00:00,65.52,18173.75,353.25
2019-02-01 15:00:00,64.55,18137.0,304.5
2019-02-01 16:00:00,63.91,18021.75,292.0
2019-02-01 17:00:00,67.71,18339.25,314.25
2019-02-01 18:00:00,70.25,17400.5,363.5
2019-02-01 19:00:00,69.9,16485.5,389.75
2019-02-01 20:00:00,62.99,15672.25,396.25
2019-02-01 21:00:00,56.05,14526.0,404.25
2019-02-01 22:00:00,54.01,13580.75,387.25
2019-02-01 23:00:00,50.92,12844.0,368.25
2019-02-02 00:00:00,49.21,12466.75,555.0
2019-02-02 01:00:00,47.07,11912.25,634.25
2019-02-02 02:00:00,45.7,11376.5,686.0
2019-02-02 03:00:00,43.14,11156.5,674.0
2019-02-02 04:00:00,42.71,10922.75,678.0
2019-02-02 05:00:00,42.6,11003.75,739.75
2019-02-02 06:00:00,43.47,11495.0,764.75
2019-02-02 07:00:00,47.68,12165.75,774.25
2019-02-02 08:00:00,51.47,13435.75,789.75
2019-02-02 09:00:00,55.79,14535.25,811.75
2019-02-02 10:00:00,59.5,15095.5,829.0
2019-02-02 11:00:00,59.15,15035.5,851.0
2019-02-02 12:00:00,56.08,14855.0,797.75
2019-02-02 13:00:00,50.33,14556.75,714.0
2019-02-02 14:00:00,49.09,14400.5,614.0
2019-02-02 15:00:00,48.6,14345.25,533.5
2019-02-02 16:00:00,49.39,14554.25,505.25
2019-02-02 17:00:00,56.86,15188.5,512.5
2019-02-02 18:00:00,57.91,14609.0,522.0
2019-02-02 19:00:00,54.59,13771.25,536.75
2019-02-02 20:00:00,50.43,13142.0,574.25
2019-02-02 21:00:00,48.48,12365.75,642.25
2019-02-02 22:00:00,48.49,11791.75,765.75
2019-02-02 23:00:00,46.06,11186.75,931.75
2019-02-03 00:00:00,42.3,10994.5,1160.5
2019-02-03 01:00:00,41.29,10627.0,1101.5
2019-02-03 02:00:00,40.48,10343.0,1130.75
2019-02-03 03:00:00,39.0,10206.75,1086.5
2019-02-03 04:00:00,38.9,10223.5,1073.5
2019-02-03 05:00:00,38.47,10385.0,1010.25
2019-02-03 06:00:00,39.88,10654.25,925.0
2019-02-03 07:00:00,40.97,11028.0,743.5
2019-02-03 08:00:00,43.8,11990.25,679.5
2019-02-03 09:00:00,47.05,12751.25,619.75
2019-02-03 10:00:00,49.33,13101.75,653.75
2019-02-03 11:00:00,51.11,13330.0,831.75
2019-02-03 12:00:00,50.35,13493.0,801.5
2019-02-03 13:00:00,47.09,13428.0,762.75
2019-02-03 14:00:00,45.14,13353.25,676.75
2019-02-03 15:00:00,44.4,13355.5,591.5
2019-02-03 16:00:00,45.79,13580.0,557.75
2019-02-03 17:00:00,51.94,14428.75,553.25
2019-02-03 18:00:00,59.54,14297.0,640.0
2019-02-03 19:00:00,60.67,13666.25,817.25
2019-02-03 20:00:00,57.4,13248.25,1034.5
2019-02-03 21:00:00,51.94,12546.75,1308.75
2019-02-03 22:00:00,46.25,11878.75,1571.75
2019-02-03 23:00:00,41.76,11310.5,1764.5
2019-02-04 00:00:00,40.0,10980.75,2124.5
2019-02-04 01:00:00,40.11,10889.0,2291.25
2019-02-04 02:00:00,39.42,10777.5,2449.0
2019-02-04 03:00:00,39.21,10842.0,2557.0
2019-02-04 04:00:00,38.55,11095.25,2629.0
2019-02-04 05:00:00,40.63,11621.25,2685.75
2019-02-04 06:00:00,47.16,13200.25,2779.0
2019-02-04 07:00:00,55.74,15747.25,2942.75
2019-02-04 08:00:00,55.34,17877.5,3071.5
2019-02-04 09:00:00,59.0,18339.5,3166.0
2019-02-04 10:00:00,53.0,18025.5,3234.0
2019-02-04 11:00:00,44.7,17408.0,3313.0
2019-02-04 12:00:00,41.69,16789.5,3378.5
2019-02-04 13:00:00,40.8,16761.75,3413.25
2019-02-04 14:00:00,45.4,16949.75,3422.25
2019-02-04 15:00:00,45.49,17376.0,3426.25
2019-02-04 16:00:00,46.59,17823.5,3405.5
2019-02-04 17:00:00,49.9,18507.75,3337.0
2019-02-04 18:00:00,46.78,17903.5,3245.0
2019-02-04 19:00:00,42.08,17141.0,3128.0
2019-02-04 20:00:00,40.59,16422.0,2986.0
2019-02-04 21:00:00,39.9,15394.0,2818.25
2019-02-04 22:00:00,39.7,14319.0,2654.0
2019-02-04 23:00:00,34.9,13376.25,2500.5
2019-02-05 00:00:00,37.3,12842.25,1610.75
2019-02-05 01:00:00,37.4,12310.0,1383.0
2019-02-05 02:00:00,38.42,11856.0,1140.5
2019-02-05 03:00:00,39.9,11693.5,938.5
2019-02-05 04:00:00,39.9,11690.75,897.75
2019-02-05 05:00:00,42.99,12091.75,859.0
2019-02-05 06:00:00,54.13,13528.25,782.0
2019-02-05 07:00:00,62.22,16119.0,677.0
2019-02-05 08:00:00,70.3,17936.25,617.25
2019-02-05 09:00:00,75.19,18225.0,570.0
2019-02-05 10:00:00,69.96,17916.25,519.5
2019-02-05 11:00:00,62.85,17639.5,468.75
2019-02-05 12:00:00,58.93,17345.5,434.25
2019-02-05 13:00:00,57.96,17480.5,423.25
2019-02-05 14:00:00,57.96,17636.0,402.0
2019-02-05 15:00:00,58.04,17919.5,429.5
2019-02-05 16:00:00,60.35,18079.25,571.75
2019-02-05 17:00:00,63.06,18533.5,749.25
2019-02-05 18:00:00,65.79,17679.75,940.0
2019-02-05 19:00:00,62.63,16809.5,1138.5
2019-02-05 20:00:00,61.77,15990.5,1344.0
2019-02-05 21:00:00,52.93,14981.75,1524.25
2019-02-05 22:00:00,46.03,13957.0,1660.25
2019-02-05 23:00:00,42.6,13061.0,1839.0
2019-02-06 00:00:00,42.8,12661.75,2289.75
2019-02-06 01:00:00,41.63,12291.5,2389.25
2019-02-06 02:00:00,40.5,11986.25,2492.5
2019-02-06 03:00:00,40.4,11842.75,2560.75
2019-02-06 04:00:00,41.38,12032.5,2582.5
2019-02-06 05:00:00,42.31,12592.0,2543.75
2019-02-06 06:00:00,50.66,14103.75,2467.75
2019-02-06 07:00:00,53.3,16657.0,2381.0
2019-02-06 08:00:00,55.93,18551.75,2293.0
2019-02-06 09:00:00,53.45,19173.25,2178.5
2019-02-06 10:00:00,55.37,19112.5,2005.75
2019-02-06 11:00:00,55.09,18940.5,1822.75
2019-02-06 12:00:00,54.94,18487.0,1649.5
2019-02-06 13:00:00,54.55,18602.0,1508.75
2019-02-06 14:00:00,52.93,18677.0,1405.0
2019-02-06 15:00:00,54.3,18731.75,1339.5
2019-02-06 16:00:00,56.73,18841.25,1381.75
2019-02-06 17:00:00,60.27,19256.25,1493.5
2019-02-06 18:00:00,62.4,18253.5,1651.0
2019-02-06 19:00:00,58.94,17356.25,1792.5
2019-02-06 20:00:00,54.37,16454.25,1923.25
2019-02-06 21:00:00,50.49,15462.5,1994.5
2019-02-06 22:00:00,49.5,14405.5,2053.5
2019-02-06 23:00:00,46.18,13524.75,2144.5
2019-02-07 00:00:00,46.25,13009.5,2013.75
2019-02-07 01:00:00,45.21,12572.25,2412.25
2019-02-07 02:00:00,41.24,12238.25,2769.75
2019-02-07 03:00:00,38.05,12116.25,3028.25
2019-02-07 04:00:00,37.0,12192.0,3198.25
2019-02-07 05:00:00,39.04,12693.5,3391.75
2019-02-07 06:00:00,48.06,14277.5,3574.0
2019-02-07 07:00:00,50.77,16841.5,3722.0
2019-02-07 08:00:00,54.79,18474.25,3804.0
2019-02-07 09:00:00,53.7,19023.75,3915.5
2019-02-07 10:00:00,53.17,19148.0,4024.5
2019-02-07 11:00:00,50.0,19028.25,4104.25
2019-02-07 12:00:00,49.45,18457.5,4144.75
2019-02-07 13:00:00,46.09,18587.75,4140.75
2019-02-07 14:00:00,42.58,17611.25,4112.5
2019-02-07 15:00:00,43.32,18838.0,4058.25
2019-02-07 16:00:00,46.28,19022.25,3963.25
2019-02-07 17:00:00,51.65,19362.25,3832.0
2019-02-07 18:00:00,49.76,18512.75,3662.75
2019-02-07 19:00:00,45.4,17685.25,3512.25
2019-02-07 20:00:00,43.19,16772.25,3347.5
2019-02-07 21:00:00,45.7,15658.5,3194.75
2019-02-07 22:00:00,43.55,14387.75,3066.25
2019-02-07 23:00:00,42.0,13409.5,2942.5
2019-02-08 00:00:00,46.85,12934.5,2818.25
2019-02-08 01:00:00,45.0,12520.75,2778.0
2019-02-08 02:00:00,46.0,12217.25,2782.0
2019-02-08 03:00:00,45.0,12117.0,2773.0
2019-02-08 04:00:00,37.4,12221.75,2829.25
2019-02-08 05:00:00,39.49,12720.25,2878.25
2019-02-08 06:00:00,46.5,14205.75,2965.0
2019-02-08 07:00:00,55.87,16728.0,3110.75
2019-02-08 08:00:00,57.83,18608.75,3240.0
2019-02-08 09:00:00,58.31,19234.5,3386.75
2019-02-08 10:00:00,59.04,19224.0,3497.25
2019-02-08 11:00:00,57.56,18937.25,3585.5
2019-02-08 12:00:00,54.13,18590.75,3667.25
2019-02-08 13:00:00,51.48,18516.0,3741.75
2019-02-08 14:00:00,48.31,18469.5,3813.25
2019-02-08 15:00:00,45.45,18314.25,3894.0
2019-02-08 16:00:00,45.8,18214.5,4005.25
2019-02-08 17:00:00,50.0,18439.75,4101.25
2019-02-08 18:00:00,52.34,17594.75,4178.0
2019-02-08 19:00:00,47.59,16707.5,4236.5
2019-02-08 20:00:00,47.4,15841.5,4272.25
2019-02-08 21:00:00,46.66,14711.0,4267.25
2019-02-08 22:00:00,46.43,13723.0,4204.5
2019-02-08 23:00:00,46.49,12943.5,4062.25
2019-02-09 00:00:00,46.2,12750.5,3966.5
2019-02-09 01:00:00,40.0,12181.0,3904.75
2019-02-09 02:00:00,39.87,11639.25,3894.75
2019-02-09 03:00:00,37.1,11441.25,3903.5
2019-02-09 04:00:00,33.18,11255.0,3914.5
2019-02-09 05:00:00,30.13,11360.75,3951.75
2019-02-09 06:00:00,38.0,11910.0,4005.25
2019-02-09 07:00:00,41.12,12746.5,4075.75
2019-02-09 08:00:00,43.82,14087.0,4100.0
2019-02-09 09:00:00,48.54,15270.75,4152.25
2019-02-09 10:00:00,49.9,15875.5,4177.75
2019-02-09 11:00:00,47.09,15848.5,4174.0
2019-02-09 12:00:00,46.82,15626.25,4173.75
2019-02-09 13:00:00,43.6,15296.25,4186.25
2019-02-09 14:00:00,38.9,15119.5,4180.25
2019-02-09 15:00:00,42.4,15072.5,4148.25
2019-02-09 16:00:00,43.35,15238.75,4067.0
2019-02-09 17:00:00,54.37,15767.5,3952.0
2019-02-09 18:00:00,50.98,15306.0,3837.0
2019-02-09 19:00:00,50.01,14486.0,3711.25
2019-02-09 20:00:00,52.01,13771.5,3572.75
2019-02-09 21:00:00,43.6,12979.75,3436.5
2019-02-09 22:00:00,46.3,12404.75,3232.5
2019-02-09 23:00:00,46.18,11727.25,2988.25
2019-02-10 00:00:00,45.55,11595.0,2666.0
2019-02-10 01:00:00,44.6,11181.75,2430.0
2019-02-10 02:00:00,44.6,10766.0,2094.5
2019-02-10 03:00:00,40.0,10637.5,1805.75
2019-02-10 04:00:00,37.2,10709.25,1563.0
2019-02-10 05:00:00,37.1,10932.5,1243.25
2019-02-10 06:00:00,50.0,11337.25,1040.0
2019-02-10 07:00:00,45.21,11844.0,838.5
2019-02-10 08:00:00,45.0,12798.5,743.0
2019-02-10 09:00:00,48.85,13467.0,781.75
2019-02-10 10:00:00,49.29,13566.75,935.5
2019-02-10 11:00:00,50.0,13368.25,1049.25
2019-02-10 12:00:00,54.9,13234.25,1054.75
2019-02-10 13:00:00,44.6,12982.75,1033.25
2019-02-10 14:00:00,45.4,13228.0,1192.75
2019-02-10 15:00:00,44.6,13695.5,1554.0
2019-02-10 16:00:00,46.67,14207.25,2087.25
2019-02-10 17:00:00,51.05,15157.75,2463.0
2019-02-10 18:00:00,51.37,15291.25,2688.25
2019-02-10 19:00:00,51.12,14551.75,2753.25
2019-02-10 20:00:00,49.73,14031.25,2822.5
2019-02-10 21:00:00,45.74,13278.5,2818.25
2019-02-10 22:00:00,44.3,12553.75,2703.75
2019-02-10 23:00:00,44.6,11907.5,2543.5
2019-02-11 00:00:00,42.59,11514.25,3080.5
2019-02-11 01:00:00,41.4,11271.0,2974.5
2019-02-11 02:00:00,39.8,11080.0,2848.0
2019-02-11 03:00:00,39.8,11108.5,2747.0
2019-02-11 04:00:00,41.6,11228.25,2597.25
2019-02-11 05:00:00,45.03,11657.25,2408.25
2019-02-11 06:00:00,57.63,13201.25,2276.25
2019-02-11 07:00:00,70.59,15762.75,2250.25
2019-02-11 08:00:00,65.0,17689.5,2275.0
2019-02-11 09:00:00,71.21,18118.5,2365.75
2019-02-11 10:00:00,71.21,17829.25,2531.25
2019-02-11 11:00:00,58.43,17424.5,2698.75
2019-02-11 12:00:00,49.9,17092.0,2781.75
2019-02-11 13:00:00,41.7,17151.75,2774.5
2019-02-11 14:00:00,49.81,17178.5,2723.0
2019-02-11 15:00:00,47.0,17394.5,2520.75
2019-02-11 16:00:00,57.83,17688.75,2104.0
2019-02-11 17:00:00,74.0,18044.0,1734.0
2019-02-11 18:00:00,85.23,16433.5,1515.5
2019-02-11 19:00:00,94.31,16706.25,1504.25
2019-02-11 20:00:00,79.9,15947.25,1513.0
2019-02-11 21:00:00,60.26,14956.25,1522.0
2019-02-11 22:00:00,45.0,13907.25,1484.5
2019-02-11 23:00:00,39.8,12981.5,1474.5
2019-02-12 00:00:00,40.3,12600.25,1097.0
2019-02-12 01:00:00,37.0,12260.25,1069.25
2019-02-12 02:00:00,37.32,11930.0,1021.0
2019-02-12 03:00:00,37.4,11869.0,1006.5
2019-02-12 04:00:00,37.3,11890.5,1005.0
2019-02-12 05:00:00,40.02,12309.25,962.75
2019-02-12 06:00:00,46.5,13756.75,898.0
2019-02-12 07:00:00,61.22,16399.5,839.5
2019-02-12 08:00:00,64.8,18261.0,781.0
2019-02-12 09:00:00,64.74,18724.0,763.0
2019-02-12 10:00:00,60.28,18544.75,823.75
2019-02-12 11:00:00,60.49,18373.5,907.75
2019-02-12 12:00:00,53.82,18175.0,971.75
2019-02-12 13:00:00,49.98,18265.0,1036.25
2019-02-12 14:00:00,49.98,17766.25,1107.0
2019-02-12 15:00:00,50.17,18643.25,1142.5
2019-02-12 16:00:00,52.84,18757.5,1294.75
2019-02-12 17:00:00,56.92,18970.0,1514.25
2019-02-12 18:00:00,60.47,18149.5,1706.25
2019-02-12 19:00:00,51.27,17281.5,1842.25
2019-02-12 20:00:00,45.96,16424.5,1949.75
2019-02-12 21:00:00,41.6,15297.75,2014.75
2019-02-12 22:00:00,44.9,14180.5,2022.75
2019-02-12 23:00:00,40.2,13254.25,1988.0
2019-02-13 00:00:00,39.9,12552.75,2023.25
2019-02-13 01:00:00,37.6,12125.5,1974.0
2019-02-13 02:00:00,36.3,11744.25,1902.0
2019-02-13 03:00:00,36.0,11633.5,1826.75
2019-02-13 04:00:00,37.58,11777.0,1773.75
2019-02-13 05:00:00,37.18,12330.75,1704.0
2019-02-13 06:00:00,45.62,13864.5,1582.5
2019-02-13 07:00:00,52.9,16433.75,1505.75
2019-02-13 08:00:00,64.85,18262.25,1471.75
2019-02-13 09:00:00,62.97,18942.0,1434.25
2019-02-13 10:00:00,50.0,18978.75,1395.75
2019-02-13 11:00:00,48.63,18885.0,1367.75
2019-02-13 12:00:00,48.49,18632.75,1332.5
2019-02-13 13:00:00,47.6,18700.75,1239.75
2019-02-13 14:00:00,46.3,18693.0,1151.25
2019-02-13 15:00:00,46.82,18701.0,1075.0
2019-02-13 16:00:00,49.71,18844.25,1125.0
2019-02-13 17:00:00,53.94,19223.0,1218.75
2019-02-13 18:00:00,56.55,18289.0,1306.0
2019-02-13 19:00:00,54.34,17415.75,1273.5
2019-02-13 20:00:00,50.13,16511.5,1299.5
2019-02-13 21:00:00,46.76,15495.25,1304.0
2019-02-13 22:00:00,44.5,14376.25,1242.75
2019-02-13 23:00:00,42.85,13429.0,1207.0
2019-02-14 00:00:00,38.6,12873.0,1151.75
2019-02-14 01:00:00,39.15,12413.25,1042.5
2019-02-14 02:00:00,38.6,12003.25,956.0
2019-02-14 03:00:00,39.0,11790.75,907.75
2019-02-14 04:00:00,38.47,11763.5,882.25
2019-02-14 05:00:00,43.04,12219.5,842.25
2019-02-14 06:00:00,47.9,13681.5,777.75
2019-02-14 07:00:00,60.73,16138.75,700.5
2019-02-14 08:00:00,63.67,17602.25,572.5
2019-02-14 09:00:00,65.25,18019.0,429.25
2019-02-14 10:00:00,58.0,17896.75,343.5
2019-02-14 11:00:00,46.12,17481.75,290.25
2019-02-14 12:00:00,44.0,17099.0,246.75
2019-02-14 13:00:00,44.65,17193.0,222.25
2019-02-14 14:00:00,44.62,16301.75,215.5
2019-02-14 15:00:00,47.12,17537.5,220.0
2019-02-14 16:00:00,52.39,17814.5,266.0
2019-02-14 17:00:00,55.63,18171.5,356.5
2019-02-14 18:00:00,60.2,17602.25,457.25
2019-02-14 19:00:00,61.93,16893.75,547.25
2019-02-14 20:00:00,54.97,16164.5,642.0
2019-02-14 21:00:00,49.69,15078.5,698.0
2019-02-14 22:00:00,47.39,13856.0,699.75
2019-02-14 23:00:00,41.51,12941.0,705.75
2019-02-15 00:00:00,42.3,12439.25,631.5
2019-02-15 01:00:00,42.19,11948.0,617.0
2019-02-15 02:00:00,41.72,11679.5,655.25
2019-02-15 03:00:00,40.19,11558.5,693.0
2019-02-15 04:00:00,41.1,11668.25,704.5
2019-02-15 05:00:00,43.67,12193.75,695.25
2019-02-15 06:00:00,52.98,13589.0,694.25
2019-02-15 07:00:00,59.98,16053.0,739.0
2019-02-15 08:00:00,61.73,17809.25,734.0
2019-02-15 09:00:00,57.4,18466.0,600.25
2019-02-15 10:00:00,50.25,18562.0,445.75
2019-02-15 11:00:00,40.84,18421.25,381.5
2019-02-15 12:00:00,41.05,18103.75,350.0
2019-02-15 13:00:00,41.0,18045.5,360.75
2019-02-15 14:00:00,42.52,17972.5,361.25
2019-02-15 15:00:00,44.41,17891.25,400.75
2019-02-15 16:00:00,48.18,17787.0,575.5
2019-02-15 17:00:00,53.61,17876.75,819.5
2019-02-15 18:00:00,56.54,17074.5,1117.5
2019-02-15 19:00:00,55.49,16162.75,1263.25
2019-02-15 20:00:00,49.9,15228.5,1335.25
2019-02-15 21:00:00,41.15,14135.25,1380.25
2019-02-15 22:00:00,45.86,13094.75,1324.5
2019-02-15 23:00:00,41.93,12271.75,1326.5
2019-02-16 00:00:00,41.17,11763.0,1646.75
2019-02-16 01:00:00,39.79,11297.25,1655.75
2019-02-16 02:00:00,36.0,10815.25,1670.25
2019-02-16 03:00:00,36.29,10543.0,1682.0
2019-02-16 04:00:00,36.52,10412.75,1701.0
2019-02-16 05:00:00,40.0,10524.5,1731.25
2019-02-16 06:00:00,43.1,11067.25,1765.75
2019-02-16 07:00:00,45.0,11861.0,1714.0
2019-02-16 08:00:00,50.34,12998.75,1608.5
2019-02-16 09:00:00,55.07,14082.25,1460.25
2019-02-16 10:00:00,57.73,14675.25,1265.0
2019-02-16 11:00:00,38.8,14687.25,1072.0
2019-02-16 12:00:00,35.62,14523.75,931.25
2019-02-16 13:00:00,36.0,14256.0,797.5
2019-02-16 14:00:00,37.21,14237.75,684.5
2019-02-16 15:00:00,39.61,14160.75,610.75
2019-02-16 16:00:00,42.11,14347.5,607.75
2019-02-16 17:00:00,46.83,14602.0,623.25
2019-02-16 18:00:00,53.13,14388.0,648.5
2019-02-16 19:00:00,75.92,13719.25,675.0
2019-02-16 20:00:00,46.47,13120.5,688.5
2019-02-16 21:00:00,40.67,12398.25,721.5
2019-02-16 22:00:00,42.33,11823.0,749.75
2019-02-16 23:00:00,40.7,11119.25,778.5
2019-02-17 00:00:00,39.0,10982.0,638.25
2019-02-17 01:00:00,39.97,10628.75,622.25
2019-02-17 02:00:00,37.24,10308.75,646.5
2019-02-17 03:00:00,36.27,10228.0,761.25
2019-02-17 04:00:00,36.13,10428.75,950.0
2019-02-17 05:00:00,36.74,10615.5,1178.75
2019-02-17 06:00:00,36.52,10941.0,1371.75
2019-02-17 07:00:00,38.82,11426.5,1466.0
2019-02-17 08:00:00,40.0,12362.75,1499.25
2019-02-17 09:00:00,38.88,13047.75,1425.5
2019-02-17 10:00:00,36.91,13411.5,1265.75
2019-02-17 11:00:00,36.5,13510.5,1196.25
2019-02-17 12:00:00,37.41,13595.75,1217.25
2019-02-17 13:00:00,35.09,13445.0,1321.0
2019-02-17 14:00:00,35.12,13641.0,1417.75
2019-02-17 15:00:00,36.27,13818.5,1513.0
2019-02-17 16:00:00,39.36,14106.75,1683.0
2019-02-17 17:00:00,44.03,14741.25,1865.0
2019-02-17 18:00:00,49.6,14788.75,2003.0
2019-02-17 19:00:00,50.07,13984.5,2047.5
2019-02-17 20:00:00,46.15,13334.25,2061.0
2019-02-17 21:00:00,40.0,12498.5,2013.25
2019-02-17 22:00:00,42.83,11878.75,1839.25
2019-02-17 23:00:00,38.75,11213.0,1637.5
2019-02-18 00:00:00,39.41,10787.0,1427.75
2019-02-18 01:00:00,38.78,10582.75,1351.25
2019-02-18 02:00:00,38.78,10453.0,1301.75
2019-02-18 03:00:00,38.2,10518.75,1219.75
2019-02-18 04:00:00,38.8,10654.25,1164.5
2019-02-18 05:00:00,40.0,11044.5,1157.5
2019-02-18 06:00:00,51.72,12600.0,1160.75
2019-02-18 07:00:00,57.37,15182.0,1101.5
2019-02-18 08:00:00,56.01,16992.0,985.0
2019-02-18 09:00:00,52.61,17356.75,812.5
2019-02-18 10:00:00,48.43,17035.75,714.5
2019-02-18 11:00:00,44.96,16640.5,638.0
2019-02-18 12:00:00,43.26,16307.5,606.5
2019-02-18 13:00:00,43.07,16248.0,607.75
2019-02-18 14:00:00,44.73,16222.75,592.25
2019-02-18 15:00:00,47.35,16377.25,556.25
2019-02-18 16:00:00,50.9,16755.75,578.0
2019-02-18 17:00:00,52.94,17204.25,666.5
2019-02-18 18:00:00,56.94,15930.0,782.5
2019-02-18 19:00:00,55.76,16442.5,966.25
2019-02-18 20:00:00,51.91,15775.5,1195.5
2019-02-18 21:00:00,43.98,14846.0,1357.0
2019-02-18 22:00:00,40.0,13929.75,1522.5
2019-02-18 23:00:00,38.5,13035.5,1610.0
2019-02-19 00:00:00,36.1,12457.75,1873.75
2019-02-19 01:00:00,35.43,12191.25,1986.75
2019-02-19 02:00:00,35.42,11956.75,2084.0
2019-02-19 03:00:00,36.0,11867.75,2166.75
2019-02-19 04:00:00,36.08,11892.5,2237.5
2019-02-19 05:00:00,38.1,12413.25,2263.0
2019-02-19 06:00:00,45.36,13959.0,2266.0
2019-02-19 07:00:00,48.72,16393.75,2280.0
2019-02-19 08:00:00,47.17,17936.5,2304.0
2019-02-19 09:00:00,61.66,18388.5,2348.25
2019-02-19 10:00:00,57.4,18211.25,2379.75
2019-02-19 11:00:00,42.05,17645.75,2392.0
2019-02-19 12:00:00,38.6,17060.5,2352.0
2019-02-19 13:00:00,38.6,16862.0,2208.5
2019-02-19 14:00:00,38.6,16377.0,2027.25
2019-02-19 15:00:00,42.4,17383.75,1804.25
2019-02-19 16:00:00,43.9,17851.5,1600.25
2019-02-19 17:00:00,50.92,18107.25,1524.0
2019-02-19 18:00:00,54.09,17613.0,1509.0
2019-02-19 19:00:00,52.42,16899.0,1533.75
2019-02-19 20:00:00,44.9,16054.25,1558.0
2019-02-19 21:00:00,41.63,14959.75,1590.25
2019-02-19 22:00:00,41.98,13735.0,1638.0
2019-02-19 23:00:00,35.69,12777.25,1707.25
2019-02-20 00:00:00,36.0,12185.5,1906.0
2019-02-20 01:00:00,35.4,11772.25,1856.5
2019-02-20 02:00:00,32.95,11412.5,1799.5
2019-02-20 03:00:00,35.5,11303.5,1723.0
2019-02-20 04:00:00,36.06,11426.25,1631.25
2019-02-20 05:00:00,38.06,12006.75,1545.75
2019-02-20 06:00:00,49.05,13580.0,1480.5
2019-02-20 07:00:00,54.54,16055.75,1490.5
2019-02-20 08:00:00,54.58,17676.75,1563.25
2019-02-20 09:00:00,53.08,18364.75,1643.75
2019-02-20 10:00:00,52.09,18448.75,1692.75
2019-02-20 11:00:00,49.01,18415.75,1719.75
2019-02-20 12:00:00,43.26,18215.5,1766.75
2019-02-20 13:00:00,45.05,17996.25,1819.25
2019-02-20 14:00:00,45.58,17817.75,1848.25
2019-02-20 15:00:00,46.01,17876.75,1868.25
2019-02-20 16:00:00,49.79,18099.0,1908.5
2019-02-20 17:00:00,51.96,18490.25,1963.75
2019-02-20 18:00:00,54.25,17826.75,1989.0
2019-02-20 19:00:00,54.05,17087.5,2000.75
2019-02-20 20:00:00,49.97,16235.75,2037.75
2019-02-20 21:00:00,40.59,15251.75,2071.25
2019-02-20 22:00:00,39.07,14193.0,2012.75
2019-02-20 23:00:00,35.6,13184.5,1952.75
2019-02-21 00:00:00,37.13,12554.25,1877.5
2019-02-21 01:00:00,36.0,12067.25,1916.25
2019-02-21 02:00:00,35.49,11733.25,1952.25
2019-02-21 03:00:00,35.36,11547.0,1946.75
2019-02-21 04:00:00,36.08,11562.75,1924.5
2019-02-21 05:00:00,37.9,11999.25,1935.75
2019-02-21 06:00:00,39.9,13488.0,1904.5
2019-02-21 07:00:00,43.0,15906.0,1898.5
2019-02-21 08:00:00,50.5,17236.5,1895.75
2019-02-21 09:00:00,61.8,17416.25,1908.75
2019-02-21 10:00:00,39.9,16891.75,1944.0
2019-02-21 11:00:00,38.2,16153.25,1968.25
2019-02-21 12:00:00,36.7,15617.0,1976.0
2019-02-21 13:00:00,37.45,15584.75,1916.75
2019-02-21 14:00:00,39.23,15730.5,1793.0
2019-02-21 15:00:00,42.94,16113.25,1651.25
2019-02-21 16:00:00,46.3,16735.75,1515.25
2019-02-21 17:00:00,50.61,17326.25,1386.0
2019-02-21 18:00:00,53.1,17199.0,1245.0
2019-02-21 19:00:00,52.98,16736.0,1121.25
2019-02-21 20:00:00,51.39,16038.25,995.75
2019-02-21 21:00:00,46.13,14953.5,907.25
2019-02-21 22:00:00,45.08,13790.75,854.0
2019-02-21 23:00:00,42.69,12847.0,781.0
2019-02-22 00:00:00,41.58,12275.5,419.25
2019-02-22 01:00:00,40.32,11779.0,342.25
2019-02-22 02:00:00,39.84,11553.5,256.75
2019-02-22 03:00:00,39.59,11444.25,187.25
2019-02-22 04:00:00,39.35,11525.75,151.25
2019-02-22 05:00:00,42.0,11965.75,122.0
2019-02-22 06:00:00,50.31,13412.0,90.25
2019-02-22 07:00:00,54.93,15797.25,72.0
2019-02-22 08:00:00,57.85,17324.25,64.75
2019-02-22 09:00:00,55.62,17645.25,55.25
2019-02-22 10:00:00,54.14,17271.5,65.25
2019-02-22 11:00:00,53.06,16798.75,87.0
2019-02-22 12:00:00,51.45,16239.25,84.0
2019-02-22 13:00:00,48.99,16078.0,80.0
2019-02-22 14:00:00,45.88,15994.25,96.5
2019-02-22 15:00:00,45.38,16196.5,130.25
2019-02-22 16:00:00,49.23,16517.25,214.0
2019-02-22 17:00:00,52.33,16812.0,328.5
2019-02-22 18:00:00,53.48,16424.75,449.5
2019-02-22 19:00:00,49.58,15715.5,527.25
2019-02-22 20:00:00,44.3,14813.25,624.25
2019-02-22 21:00:00,43.02,13821.5,702.25
2019-02-22 22:00:00,43.41,12727.5,772.5
2019-02-22 23:00:00,39.6,11900.75,833.0
2019-02-23 00:00:00,38.04,11678.25,1014.5
2019-02-23 01:00:00,36.54,11282.0,863.75
2019-02-23 02:00:00,36.06,10954.0,740.75
2019-02-23 03:00:00,36.01,10725.0,683.5
2019-02-23 04:00:00,35.61,10655.0,762.25
2019-02-23 05:00:00,36.03,10717.0,865.75
2019-02-23 06:00:00,37.3,11130.0,915.25
2019-02-23 07:00:00,41.11,11961.0,860.75
2019-02-23 08:00:00,43.57,12895.0,781.5
2019-02-23 09:00:00,51.16,13695.25,683.5
2019-02-23 10:00:00,40.94,13849.25,528.5
2019-02-23 11:00:00,38.02,13604.25,430.0
2019-02-23 12:00:00,35.66,13380.75,376.75
2019-02-23 13:00:00,35.32,13155.25,362.75
2019-02-23 14:00:00,35.62,13252.0,392.0
2019-02-23 15:00:00,35.5,13501.0,507.25
2019-02-23 16:00:00,45.47,14075.25,703.5
2019-02-23 17:00:00,47.49,14491.5,962.75
2019-02-23 18:00:00,52.2,14694.75,1181.25
2019-02-23 19:00:00,50.97,14166.75,1219.0
2019-02-23 20:00:00,46.99,13604.75,1253.25
2019-02-23 21:00:00,40.35,12950.5,1236.75
2019-02-23 22:00:00,41.59,12401.5,1071.5
2019-02-23 23:00:00,39.0,11706.75,874.5
2019-02-24 00:00:00,37.82,11592.25,532.25
2019-02-24 01:00:00,37.48,11308.0,422.0
2019-02-24 02:00:00,37.48,10971.75,383.5
2019-02-24 03:00:00,36.21,10880.5,361.0
2019-02-24 04:00:00,36.21,11009.75,283.25
2019-02-24 05:00:00,37.04,11041.25,184.0
2019-02-24 06:00:00,37.3,11249.5,134.0
2019-02-24 07:00:00,37.98,11657.25,112.0
2019-02-24 08:00:00,39.11,12289.25,96.5
2019-02-24 09:00:00,39.79,12707.0,63.25
2019-02-24 10:00:00,37.65,12754.0,45.25
2019-02-24 11:00:00,37.06,12502.0,48.0
2019-02-24 12:00:00,37.14,12391.25,46.25
2019-02-24 13:00:00,35.0,12153.5,34.25
2019-02-24 14:00:00,34.54,12401.75,32.0
2019-02-24 15:00:00,35.25,12870.0,29.75
2019-02-24 16:00:00,38.57,13553.75,29.0
2019-02-24 17:00:00,45.75,14292.5,34.75
2019-02-24 18:00:00,51.68,14605.25,45.0
2019-02-24 19:00:00,51.47,14049.25,55.0
2019-02-24 20:00:00,50.0,13494.25,59.5
2019-02-24 21:00:00,44.46,12816.25,54.5
2019-02-24 22:00:00,47.65,12211.5,59.0
2019-02-24 23:00:00,44.1,11482.25,74.25
2019-02-25 00:00:00,38.7,11078.25,212.5
2019-02-25 01:00:00,37.02,10858.75,220.0
2019-02-25 02:00:00,37.0,10774.25,214.25
2019-02-25 03:00:00,36.37,10909.75,188.5
2019-02-25 04:00:00,36.06,11023.25,180.5
2019-02-25 05:00:00,40.07,11484.5,154.5
2019-02-25 06:00:00,50.02,13132.25,106.25
2019-02-25 07:00:00,56.88,15663.0,62.5
2019-02-25 08:00:00,55.59,17291.5,36.0
2019-02-25 09:00:00,50.72,17445.0,40.25
2019-02-25 10:00:00,40.03,16714.25,60.5
2019-02-25 11:00:00,38.97,16138.0,76.25
2019-02-25 12:00:00,37.4,15697.25,66.25
2019-02-25 13:00:00,38.98,15552.5,43.25
2019-02-25 14:00:00,37.88,15591.0,34.25
2019-02-25 15:00:00,42.0,15986.0,38.75
2019-02-25 16:00:00,44.4,16613.25,66.75
2019-02-25 17:00:00,53.24,17182.75,128.5
2019-02-25 18:00:00,56.92,16059.5,207.75
2019-02-25 19:00:00,54.4,16608.25,251.75
2019-02-25 20:00:00,50.61,15928.5,294.5
2019-02-25 21:00:00,43.09,15008.0,346.25
2019-02-25 22:00:00,42.4,13882.0,383.75
2019-02-25 23:00:00,40.4,13016.75,374.5
2019-02-26 00:00:00,37.1,12488.0,95.75
2019-02-26 01:00:00,37.0,12089.5,90.5
2019-02-26 02:00:00,36.84,11782.0,77.25
2019-02-26 03:00:00,35.88,11625.75,82.25
2019-02-26 04:00:00,36.77,11635.5,99.5
2019-02-26 05:00:00,39.41,12119.5,116.5
2019-02-26 06:00:00,48.74,13599.0,141.75
2019-02-26 07:00:00,53.04,15938.75,159.0
2019-02-26 08:00:00,51.88,17317.5,162.75
2019-02-26 09:00:00,49.92,17620.5,156.0
2019-02-26 10:00:00,42.0,17257.25,119.75
2019-02-26 11:00:00,39.08,16592.5,81.75
2019-02-26 12:00:00,39.28,16067.75,51.0
2019-02-26 13:00:00,39.0,15832.25,32.0
2019-02-26 14:00:00,37.91,15946.75,28.75
2019-02-26 15:00:00,41.45,16282.5,30.0
2019-02-26 16:00:00,45.14,16994.0,34.75
2019-02-26 17:00:00,55.24,17310.5,49.25
2019-02-26 18:00:00,62.98,17132.5,77.5
2019-02-26 19:00:00,54.94,16587.0,129.25
2019-02-26 20:00:00,51.19,15848.75,187.0
2019-02-26 21:00:00,47.57,14909.75,208.5
2019-02-26 22:00:00,46.8,13719.0,232.0
2019-02-26 23:00:00,41.41,12778.25,283.75
2019-02-27 00:00:00,40.98,12179.5,562.25
2019-02-27 01:00:00,39.42,11803.0,579.75
2019-02-27 02:00:00,38.58,11545.5,599.75
2019-02-27 03:00:00,37.99,11485.25,621.5
2019-02-27 04:00:00,38.59,11626.0,554.0
2019-02-27 05:00:00,41.48,12173.5,472.5
2019-02-27 06:00:00,50.75,13687.0,390.0
2019-02-27 07:00:00,59.84,16117.25,360.25
2019-02-27 08:00:00,54.19,17475.5,316.0
2019-02-27 09:00:00,49.95,18027.25,210.0
2019-02-27 10:00:00,44.57,17787.75,146.0
2019-02-27 11:00:00,40.79,17417.75,137.5
2019-02-27 12:00:00,39.63,16970.25,147.25
2019-02-27 13:00:00,39.58,16607.5,188.5
2019-02-27 14:00:00,40.06,16439.75,243.5
2019-02-27 15:00:00,40.62,16647.25,297.5
2019-02-27 16:00:00,43.92,17131.75,423.75
2019-02-27 17:00:00,53.16,17649.0,616.5
2019-02-27 18:00:00,54.48,17293.25,774.25
2019-02-27 19:00:00,51.82,16797.25,842.0
2019-02-27 20:00:00,46.69,15937.25,933.75
2019-02-27 21:00:00,41.58,14971.75,978.75
2019-02-27 22:00:00,41.39,13895.0,952.0
2019-02-27 23:00:00,37.4,13012.25,881.75
2019-02-28 00:00:00,37.5,12381.5,1137.25
2019-02-28 01:00:00,37.98,11900.5,1026.0
2019-02-28 02:00:00,37.5,11611.5,932.5
2019-02-28 03:00:00,38.6,11534.75,817.75
2019-02-28 04:00:00,36.4,11645.25,701.25
2019-02-28 05:00:00,34.9,12104.25,603.0
2019-02-28 06:00:00,42.45,13683.5,476.75
2019-02-28 07:00:00,49.59,16093.5,367.5
2019-02-28 08:00:00,56.49,17395.25,322.75
2019-02-28 09:00:00,57.3,17538.5,442.75
2019-02-28 10:00:00,42.66,16928.5,780.75
2019-02-28 11:00:00,38.89,15289.25,1078.25
2019-02-28 12:00:00,38.0,15669.25,1332.5
2019-02-28 13:00:00,37.08,15654.25,1471.5
2019-02-28 14:00:00,38.05,15701.5,1517.25
2019-02-28 15:00:00,44.68,16078.5,1515.75
2019-02-28 16:00:00,47.45,16918.5,1346.75
2019-02-28 17:00:00,53.67,17550.0,1145.25
2019-02-28 18:00:00,53.76,17549.75,954.25
2019-02-28 19:00:00,50.97,17151.5,756.0
2019-02-28 20:00:00,49.2,16373.25,594.25
2019-02-28 21:00:00,44.2,15348.0,477.5
2019-02-28 22:00:00,43.21,14209.5,377.0
2019-02-28 23:00:00,41.44,13255.25,296.75
2019-03-01 00:00:00,39.4,12588.75,587.0
2019-03-01 01:00:00,37.7,12174.75,717.25
2019-03-01 02:00:00,37.23,11954.75,827.25
2019-03-01 03:00:00,37.72,11872.0,954.25
2019-03-01 04:00:00,40.06,11943.75,1065.0
2019-03-01 05:00:00,41.96,12327.25,1230.0
2019-03-01 06:00:00,46.75,13865.0,1222.0
2019-03-01 07:00:00,47.98,16176.75,1117.0
2019-03-01 08:00:00,50.62,17643.75,1032.5
2019-03-01 09:00:00,51.08,17977.75,1027.5
2019-03-01 10:00:00,52.21,17530.25,1012.75
2019-03-01 11:00:00,52.03,16859.75,971.25
2019-03-01 12:00:00,48.56,16243.75,938.75
2019-03-01 13:00:00,47.4,16108.5,768.75
2019-03-01 14:00:00,46.91,16237.5,615.75
2019-03-01 15:00:00,47.31,16435.25,478.0
2019-03-01 16:00:00,50.04,16903.25,364.25
2019-03-01 17:00:00,53.59,17330.25,270.25
2019-03-01 18:00:00,55.0,17085.25,220.25
2019-03-01 19:00:00,52.49,16533.5,205.0
2019-03-01 20:00:00,48.66,15702.75,178.75
2019-03-01 21:00:00,46.53,14625.0,158.25
2019-03-01 22:00:00,45.65,13462.75,183.75
2019-03-01 23:00:00,44.41,12732.5,241.0
2019-03-02 00:00:00,44.19,11477.0,272.25
2019-03-02 01:00:00,43.28,11086.75,313.75
2019-03-02 02:00:00,41.09,10814.5,329.75
2019-03-02 03:00:00,39.49,10640.5,368.25
2019-03-02 04:00:00,40.63,10627.75,436.75
2019-03-02 05:00:00,39.97,10739.25,536.25
2019-03-02 06:00:00,41.42,11167.25,625.75
2019-03-02 07:00:00,43.92,11841.5,679.25
2019-03-02 08:00:00,47.89,12528.5,714.25
2019-03-02 09:00:00,48.6,12947.75,791.75
2019-03-02 10:00:00,47.9,12522.25,945.0
2019-03-02 11:00:00,45.84,11890.0,1090.25
2019-03-02 12:00:00,43.9,11526.25,1211.5
2019-03-02 13:00:00,40.21,11211.75,1257.75
2019-03-02 14:00:00,40.68,11377.25,1317.5
2019-03-02 15:00:00,41.04,11890.5,1450.75
2019-03-02 16:00:00,41.91,12798.25,1721.5
2019-03-02 17:00:00,45.1,13552.5,2047.25
2019-03-02 18:00:00,46.49,14074.0,2415.0
2019-03-02 19:00:00,46.8,13740.0,2765.25
2019-03-02 20:00:00,40.46,13273.5,3039.5
2019-03-02 21:00:00,39.9,12711.25,3229.75
2019-03-02 22:00:00,39.9,12239.0,3272.75
2019-03-02 23:00:00,38.57,11624.0,3362.75
2019-03-03 00:00:00,39.9,11394.0,3593.0
2019-03-03 01:00:00,40.19,11103.75,3656.25
2019-03-03 02:00:00,36.9,10961.75,3709.5
2019-03-03 03:00:00,37.26,11033.75,3725.75
2019-03-03 04:00:00,36.7,11170.0,3690.5
2019-03-03 05:00:00,35.71,11177.5,3608.25
2019-03-03 06:00:00,38.83,11379.75,3465.75
2019-03-03 07:00:00,41.37,11700.5,3257.75
2019-03-03 08:00:00,38.0,12116.5,3081.5
2019-03-03 09:00:00,45.12,12333.0,2997.0
2019-03-03 10:00:00,52.02,12148.75,3038.75
2019-03-03 11:00:00,58.44,11822.0,3077.0
2019-03-03 12:00:00,51.16,11722.5,3120.25
2019-03-03 13:00:00,43.33,11637.0,3268.25
2019-03-03 14:00:00,39.75,11731.0,3463.75
2019-03-03 15:00:00,38.3,12090.25,3556.0
2019-03-03 16:00:00,33.8,12871.5,3597.0
2019-03-03 17:00:00,40.0,13795.75,3570.0
2019-03-03 18:00:00,39.0,14280.0,3570.0
2019-03-03 19:00:00,41.8,14006.5,3652.5
2019-03-03 20:00:00,44.09,13470.25,3817.0
2019-03-03 21:00:00,40.88,12852.25,3936.5
2019-03-03 22:00:00,41.9,12269.25,3955.75
2019-03-03 23:00:00,42.84,11522.5,3942.25
2019-03-04 00:00:00,40.25,11209.25,3974.25
2019-03-04 01:00:00,40.31,11081.25,3878.25
2019-03-04 02:00:00,39.8,11068.75,3792.5
2019-03-04 03:00:00,39.97,11215.25,3784.0
2019-03-04 04:00:00,36.2,11372.25,3883.25
2019-03-04 05:00:00,39.76,11859.25,3977.75
2019-03-04 06:00:00,40.1,13560.25,4065.75
2019-03-04 07:00:00,41.57,16078.75,4003.5
2019-03-04 08:00:00,45.48,17616.25,3852.25
2019-03-04 09:00:00,54.43,17450.25,3717.5
2019-03-04 10:00:00,58.5,16190.25,3602.0
2019-03-04 11:00:00,44.53,15180.75,3675.75
2019-03-04 12:00:00,41.58,14446.5,3845.5
2019-03-04 13:00:00,42.59,14173.75,3957.0
2019-03-04 14:00:00,44.25,14378.25,3981.75
2019-03-04 15:00:00,44.9,15036.25,3936.0
2019-03-04 16:00:00,47.64,16095.75,3820.0
2019-03-04 17:00:00,44.65,17053.25,3636.75
2019-03-04 18:00:00,44.52,17284.5,3456.75
2019-03-04 19:00:00,44.44,17051.25,3350.75
2019-03-04 20:00:00,44.1,16351.75,3354.5
2019-03-04 21:00:00,44.25,15383.5,3379.5
2019-03-04 22:00:00,40.86,14292.5,3440.5
2019-03-04 23:00:00,40.29,13403.75,3500.5
2019-03-05 00:00:00,36.5,12650.75,3589.0
2019-03-05 01:00:00,35.7,12245.25,3582.0
2019-03-05 02:00:00,37.1,11962.25,3497.5
2019-03-05 03:00:00,35.7,11851.75,3366.5
2019-03-05 04:00:00,37.0,11892.5,3189.25
2019-03-05 05:00:00,40.0,12290.25,3020.75
2019-03-05 06:00:00,40.97,13761.0,2840.5
2019-03-05 07:00:00,45.71,15997.0,2749.75
2019-03-05 08:00:00,61.5,17106.25,2762.5
2019-03-05 09:00:00,63.41,17012.25,2830.25
2019-03-05 10:00:00,49.9,16041.25,2816.5
2019-03-05 11:00:00,45.86,15123.25,2837.0
2019-03-05 12:00:00,42.59,14442.75,2808.25
2019-03-05 13:00:00,42.39,14293.75,2680.75
2019-03-05 14:00:00,42.37,14463.75,2503.5
2019-03-05 15:00:00,44.09,14952.75,2224.25
2019-03-05 16:00:00,46.39,15988.25,1829.75
2019-03-05 17:00:00,49.27,16708.0,1550.75
2019-03-05 18:00:00,56.45,16955.0,1450.5
2019-03-05 19:00:00,55.23,16751.25,1518.5
2019-03-05 20:00:00,51.1,16047.25,1642.5
2019-03-05 21:00:00,48.09,15164.25,1770.25
2019-03-05 22:00:00,46.09,13983.25,1831.5
2019-03-05 23:00:00,41.54,13001.5,1865.0
2019-03-06 00:00:00,36.08,12308.75,2080.5
2019-03-06 01:00:00,36.0,11869.0,2192.25
2019-03-06 02:00:00,34.98,11612.25,2290.25
2019-03-06 03:00:00,36.0,11525.25,2347.0
2019-03-06 04:00:00,34.0,11645.0,2453.25
2019-03-06 05:00:00,35.0,12164.25,2629.5
2019-03-06 06:00:00,43.2,13660.75,2790.75
2019-03-06 07:00:00,49.64,15974.0,2924.75
2019-03-06 08:00:00,49.37,17121.75,3061.25
2019-03-06 09:00:00,54.26,17217.75,3166.5
2019-03-06 10:00:00,57.98,16343.0,3173.5
2019-03-06 11:00:00,57.25,15606.0,3127.75
2019-03-06 12:00:00,47.85,15004.0,3061.75
2019-03-06 13:00:00,47.59,14722.0,2969.75
2019-03-06 14:00:00,47.14,14731.75,2877.0
2019-03-06 15:00:00,46.53,15089.5,2820.5
2019-03-06 16:00:00,46.85,15956.0,2807.5
2019-03-06 17:00:00,47.24,16769.75,2796.5
2019-03-06 18:00:00,47.4,16833.25,2771.75
2019-03-06 19:00:00,52.35,16618.75,2724.75
2019-03-06 20:00:00,50.0,15805.0,2663.5
2019-03-06 21:00:00,42.6,14883.0,2656.25
2019-03-06 22:00:00,41.1,13844.25,2634.0
2019-03-06 23:00:00,40.61,12947.0,2622.0
2019-03-07 00:00:00,37.0,12261.25,2320.0
2019-03-07 01:00:00,39.53,11775.75,2207.0
2019-03-07 02:00:00,37.26,11477.75,2130.75
2019-03-07 03:00:00,37.4,11416.75,2190.5
2019-03-07 04:00:00,35.7,11561.0,2388.5
2019-03-07 05:00:00,35.09,12110.75,2675.75
2019-03-07 06:00:00,39.06,13702.25,2974.25
2019-03-07 07:00:00,48.32,16010.25,3291.0
2019-03-07 08:00:00,51.0,17168.5,3516.0
2019-03-07 09:00:00,49.19,17260.5,3637.25
2019-03-07 10:00:00,49.02,16686.25,3755.0
2019-03-07 11:00:00,45.2,15125.25,3868.75
2019-03-07 12:00:00,39.9,15389.5,4015.25
2019-03-07 13:00:00,42.0,15337.75,4067.5
2019-03-07 14:00:00,38.03,15462.5,4100.5
2019-03-07 15:00:00,39.0,15794.75,4108.75
2019-03-07 16:00:00,41.57,16580.5,4125.5
2019-03-07 17:00:00,43.27,17080.75,4148.0
2019-03-07 18:00:00,43.95,16999.75,4186.5
2019-03-07 19:00:00,46.49,16741.0,4240.75
2019-03-07 20:00:00,42.3,16081.5,4265.5
2019-03-07 21:00:00,40.0,15146.75,4245.75
2019-03-07 22:00:00,41.23,14067.75,4153.0
2019-03-07 23:00:00,39.1,13167.75,3998.5
2019-03-08 00:00:00,34.0,12546.75,3893.75
2019-03-08 01:00:00,40.0,12226.0,3834.5
2019-03-08 02:00:00,35.0,12025.75,3737.25
2019-03-08 03:00:00,38.7,11868.0,3596.25
2019-03-08 04:00:00,40.0,11895.0,3388.25
2019-03-08 05:00:00,34.3,12294.75,3127.25
2019-03-08 06:00:00,46.79,13826.25,2843.0
2019-03-08 07:00:00,45.08,15987.25,2555.5
2019-03-08 08:00:00,69.23,17392.75,2313.0
2019-03-08 09:00:00,59.2,17830.25,2095.75
2019-03-08 10:00:00,48.0,17541.75,1862.0
2019-03-08 11:00:00,42.31,16948.25,1694.5
2019-03-08 12:00:00,41.49,16134.75,1692.5
2019-03-08 13:00:00,39.9,15972.5,1900.0
2019-03-08 14:00:00,39.72,16128.25,2097.75
2019-03-08 15:00:00,39.9,16034.5,2181.25
2019-03-08 16:00:00,39.1,16389.75,2091.5
2019-03-08 17:00:00,43.07,16916.25,2033.75
2019-03-08 18:00:00,48.49,16929.75,2182.25
2019-03-08 19:00:00,50.44,16527.5,2500.25
2019-03-08 20:00:00,44.04,15775.75,2749.75
2019-03-08 21:00:00,40.57,14636.25,2946.5
2019-03-08 22:00:00,39.24,13477.25,3006.25
2019-03-08 23:00:00,36.3,12794.5,3041.5
2019-03-09 00:00:00,35.0,12094.0,3719.75
2019-03-09 01:00:00,34.0,11639.0,3756.75
2019-03-09 02:00:00,35.0,11415.0,3696.25
2019-03-09 03:00:00,32.4,11341.0,3555.5
2019-03-09 04:00:00,22.64,11329.75,3379.25
2019-03-09 05:00:00,24.8,11429.5,3229.5
2019-03-09 06:00:00,37.0,11816.5,3150.0
2019-03-09 07:00:00,31.7,12433.0,3222.25
2019-03-09 08:00:00,36.52,13077.5,3330.5
2019-03-09 09:00:00,51.36,13384.25,3473.5
2019-03-09 10:00:00,49.76,12707.25,3647.75
2019-03-09 11:00:00,42.2,11918.5,3803.0
2019-03-09 12:00:00,39.5,11540.25,3974.5
2019-03-09 13:00:00,40.5,11158.25,4053.25
2019-03-09 14:00:00,37.0,11166.0,4002.0
2019-03-09 15:00:00,35.1,11841.75,3815.25
2019-03-09 16:00:00,41.95,12994.75,3630.25
2019-03-09 17:00:00,42.33,14030.0,3456.0
2019-03-09 18:00:00,39.4,14670.0,3348.0
2019-03-09 19:00:00,49.9,14402.75,3275.5
2019-03-09 20:00:00,45.0,13948.75,3128.0
2019-03-09 21:00:00,48.0,13378.5,2837.25
2019-03-09 22:00:00,55.0,12871.5,2458.75
2019-03-09 23:00:00,60.9,12251.0,2026.5
2019-03-10 00:00:00,63.05,11923.75,2399.25
2019-03-10 01:00:00,60.9,11539.0,1946.0
2019-03-10 02:00:00,60.9,11363.25,1378.0
2019-03-10 03:00:00,62.15,11435.25,898.75
2019-03-10 04:00:00,54.4,11432.75,647.0
2019-03-10 05:00:00,44.94,11405.5,449.5
2019-03-10 06:00:00,41.88,11661.0,444.5
2019-03-10 07:00:00,28.05,11913.5,621.25
2019-03-10 08:00:00,41.8,12183.5,906.5
2019-03-10 09:00:00,42.3,12160.25,1226.75
2019-03-10 10:00:00,42.18,11468.25,1537.75
2019-03-10 11:00:00,42.26,10689.0,1822.25
2019-03-10 12:00:00,47.7,10302.25,1885.75
2019-03-10 13:00:00,35.0,10102.25,1949.0
2019-03-10 14:00:00,33.95,10274.0,2161.0
2019-03-10 15:00:00,33.51,10995.5,2434.0
2019-03-10 16:00:00,33.95,12136.0,2761.0
2019-03-10 17:00:00,37.36,13376.5,3216.75
2019-03-10 18:00:00,41.4,14228.25,3453.0
2019-03-10 19:00:00,40.92,14205.0,3603.0
2019-03-10 20:00:00,36.0,13818.75,3724.0
2019-03-10 21:00:00,37.4,13333.5,3817.0
2019-03-10 22:00:00,39.62,12695.0,3806.75
2019-03-10 23:00:00,33.96,11989.0,3727.75
2019-03-11 00:00:00,34.3,11698.5,3516.75
2019-03-11 01:00:00,39.9,11503.5,3589.25
2019-03-11 02:00:00,41.38,11475.0,3609.0
2019-03-11 03:00:00,35.4,11593.25,3619.5
2019-03-11 04:00:00,33.96,11724.5,3581.5
2019-03-11 05:00:00,34.9,12229.5,3558.75
2019-03-11 06:00:00,40.53,13855.0,3564.75
2019-03-11 07:00:00,47.96,16243.75,3576.0
2019-03-11 08:00:00,48.06,17665.0,3604.75
2019-03-11 09:00:00,46.84,17370.0,3727.0
2019-03-11 10:00:00,45.31,15894.25,3863.75
2019-03-11 11:00:00,42.66,14727.5,3932.5
2019-03-11 12:00:00,39.95,13935.0,3997.25
2019-03-11 13:00:00,38.69,13761.0,4057.25
2019-03-11 14:00:00,36.9,14070.5,4072.5
2019-03-11 15:00:00,37.11,14866.75,3958.75
2019-03-11 16:00:00,40.1,16086.25,3605.75
2019-03-11 17:00:00,46.28,17089.75,3039.25
2019-03-11 18:00:00,50.29,17368.5,2388.75
2019-03-11 19:00:00,57.9,17235.25,1794.0
2019-03-11 20:00:00,50.06,16547.75,1307.25
2019-03-11 21:00:00,47.91,15556.0,975.0
2019-03-11 22:00:00,47.61,14380.5,1001.5
2019-03-11 23:00:00,44.01,13463.75,1149.25
2019-03-12 00:00:00,40.98,12865.0,1281.25
2019-03-12 01:00:00,38.97,12417.25,1641.25
2019-03-12 02:00:00,36.91,12125.5,2025.25
2019-03-12 03:00:00,35.0,12017.75,2334.5
2019-03-12 04:00:00,32.92,12039.25,2600.5
2019-03-12 05:00:00,36.3,12387.25,2869.5
2019-03-12 06:00:00,46.83,13793.75,3161.5
2019-03-12 07:00:00,52.05,16070.75,3423.25
2019-03-12 08:00:00,51.37,17235.25,3667.5
2019-03-12 09:00:00,48.02,16949.75,3828.0
2019-03-12 10:00:00,45.52,15638.5,3892.5
2019-03-12 11:00:00,44.34,14697.25,3949.75
2019-03-12 12:00:00,43.82,14086.75,3983.5
2019-03-12 13:00:00,43.83,13994.5,4008.75
2019-03-12 14:00:00,43.52,14205.5,4044.0
2019-03-12 15:00:00,43.19,14620.0,4109.0
2019-03-12 16:00:00,42.37,15828.0,4179.75
2019-03-12 17:00:00,42.0,16659.75,4212.25
2019-03-12 18:00:00,44.02,16883.25,4171.5
2019-03-12 19:00:00,50.0,16846.0,4021.75
2019-03-12 20:00:00,47.73,16185.5,3771.0
2019-03-12 21:00:00,39.9,15301.0,3514.75
2019-03-12 22:00:00,39.6,14086.5,3424.75
2019-03-12 23:00:00,37.4,13133.5,3434.5
2019-03-13 00:00:00,34.6,9946.25,3877.0
2019-03-13 01:00:00,36.4,9634.5,3964.0
2019-03-13 02:00:00,35.6,9427.25,4037.25
2019-03-13 03:00:00,37.4,9350.5,4061.75
2019-03-13 04:00:00,34.8,9424.0,4116.75
2019-03-13 05:00:00,30.0,9779.5,4160.0
2019-03-13 06:00:00,37.4,10835.5,4175.75
2019-03-13 07:00:00,44.16,12448.0,4175.25
2019-03-13 08:00:00,55.33,13307.0,4172.5
2019-03-13 09:00:00,50.0,13324.5,4179.75
2019-03-13 10:00:00,45.27,12661.25,4173.5
2019-03-13 11:00:00,44.91,12137.25,4149.0
2019-03-13 12:00:00,44.59,11830.0,4115.5
2019-03-13 13:00:00,44.38,11841.5,4070.25
2019-03-13 14:00:00,41.53,12016.25,4077.5
2019-03-13 15:00:00,41.53,12350.25,4107.5
2019-03-13 16:00:00,41.75,12846.0,4103.0
2019-03-13 17:00:00,44.06,13347.0,4028.5
2019-03-13 18:00:00,40.1,13226.75,3928.25
2019-03-13 19:00:00,48.36,13078.5,3815.75
2019-03-13 20:00:00,41.39,12502.25,3606.75
2019-03-13 21:00:00,41.0,11816.75,3367.75
2019-03-13 22:00:00,40.56,11034.5,3134.5
2019-03-13 23:00:00,37.4,10367.75,3040.5
2019-03-14 00:00:00,37.11,12105.0,2920.5
2019-03-14 01:00:00,36.1,11643.25,2920.0
2019-03-14 02:00:00,38.3,11385.75,2900.75
2019-03-14 03:00:00,33.0,11337.75,2937.25
2019-03-14 04:00:00,27.5,11517.75,3043.75
2019-03-14 05:00:00,27.59,12096.75,3163.0
2019-03-14 06:00:00,37.69,13652.0,3346.0
2019-03-14 07:00:00,46.01,15812.0,3563.75
2019-03-14 08:00:00,46.52,16949.25,3750.25
2019-03-14 09:00:00,47.38,17120.5,3864.0
2019-03-14 10:00:00,45.71,16692.0,3929.0
2019-03-14 11:00:00,45.06,16128.25,3976.25
2019-03-14 12:00:00,44.87,15501.25,4025.0
2019-03-14 13:00:00,41.68,15508.5,4058.5
2019-03-14 14:00:00,39.0,15755.25,4061.25
2019-03-14 15:00:00,39.5,16114.75,3963.5
2019-03-14 16:00:00,41.0,16641.75,3772.0
2019-03-14 17:00:00,42.32,17048.0,3568.25
2019-03-14 18:00:00,41.76,16742.75,3335.75
2019-03-14 19:00:00,49.09,16484.5,3307.5
2019-03-14 20:00:00,46.75,15809.75,3335.0
2019-03-14 21:00:00,38.4,14843.5,3346.25
2019-03-14 22:00:00,40.0,13744.25,3335.25
2019-03-14 23:00:00,40.0,12849.75,3354.75
2019-03-15 00:00:00,30.07,9644.5,2828.75
2019-03-15 01:00:00,39.11,9394.75,2682.5
2019-03-15 02:00:00,37.8,9250.25,2555.25
2019-03-15 03:00:00,35.0,9170.25,2390.25
2019-03-15 04:00:00,36.1,9201.0,2233.75
2019-03-15 05:00:00,31.7,9593.25,2147.25
2019-03-15 06:00:00,36.0,10763.75,2225.0
2019-03-15 07:00:00,45.0,12361.75,2697.25
2019-03-15 08:00:00,43.72,13448.0,3128.5
2019-03-15 09:00:00,42.59,13759.75,3553.5
2019-03-15 10:00:00,41.54,13664.0,3934.75
2019-03-15 11:00:00,40.97,13285.25,4110.25
2019-03-15 12:00:00,39.91,12722.25,4162.75
2019-03-15 13:00:00,36.4,12583.5,4109.75
2019-03-15 14:00:00,41.75,12624.25,4048.5
2019-03-15 15:00:00,41.64,12925.0,4012.5
2019-03-15 16:00:00,41.74,13313.0,3906.25
2019-03-15 17:00:00,42.5,13622.0,3771.25
2019-03-15 18:00:00,40.0,13358.25,3618.25
2019-03-15 19:00:00,46.75,13091.75,3492.25
2019-03-15 20:00:00,43.99,12389.25,3439.0
2019-03-15 21:00:00,40.1,11536.75,3327.5
2019-03-15 22:00:00,40.18,10764.0,3113.75
2019-03-15 23:00:00,39.88,10025.25,2903.75
2019-03-16 00:00:00,39.98,8931.25,2570.75
2019-03-16 01:00:00,39.86,8636.75,2256.25
2019-03-16 02:00:00,39.9,8375.75,1927.75
2019-03-16 03:00:00,39.42,8227.75,1554.5
2019-03-16 04:00:00,39.54,8213.25,1288.75
2019-03-16 05:00:00,39.65,8353.5,1147.25
2019-03-16 06:00:00,36.4,8635.5,1314.5
2019-03-16 07:00:00,32.0,9119.25,1917.5
2019-03-16 08:00:00,35.4,9762.5,2479.25
2019-03-16 09:00:00,37.43,10227.0,3044.75
2019-03-16 10:00:00,38.22,10138.25,3388.5
2019-03-16 11:00:00,37.4,9414.75,3667.0
2019-03-16 12:00:00,34.9,8803.75,3879.25
2019-03-16 13:00:00,26.37,8718.0,4007.5
2019-03-16 14:00:00,32.5,8959.0,4097.0
2019-03-16 15:00:00,33.24,9204.75,4140.0
2019-03-16 16:00:00,32.5,9330.75,4178.0
2019-03-16 17:00:00,38.0,9985.75,4197.5
2019-03-16 18:00:00,39.9,10063.0,4179.0
2019-03-16 19:00:00,38.5,9935.25,4163.5
2019-03-16 20:00:00,36.4,9515.5,4131.25
2019-03-16 21:00:00,34.9,8994.25,4113.5
2019-03-16 22:00:00,31.7,8530.25,4126.25
2019-03-16 23:00:00,35.0,8038.25,4142.75
2019-03-17 00:00:00,35.0,7676.0,4162.75
2019-03-17 01:00:00,26.5,7492.0,4157.75
2019-03-17 02:00:00,20.1,7457.5,4126.25
2019-03-17 03:00:00,0.1,7469.25,3978.5
2019-03-17 04:00:00,9.0,7648.75,3655.0
2019-03-17 05:00:00,35.0,7804.0,3311.75
2019-03-17 06:00:00,38.64,7956.0,3164.0
2019-03-17 07:00:00,36.2,8381.0,3265.0
2019-03-17 08:00:00,36.1,8920.25,3385.0
2019-03-17 09:00:00,39.0,9389.75,3477.5
2019-03-17 10:00:00,37.8,9634.25,3490.75
2019-03-17 11:00:00,36.35,9650.5,3487.0
2019-03-17 12:00:00,37.4,9814.25,3524.75
2019-03-17 13:00:00,36.9,9978.5,3548.25
2019-03-17 14:00:00,34.5,9780.75,3517.0
2019-03-17 15:00:00,35.1,9705.75,3441.5
2019-03-17 16:00:00,35.2,9854.0,3272.25
2019-03-17 17:00:00,39.81,9968.0,3025.5
2019-03-17 18:00:00,37.54,9815.5,2889.75
2019-03-17 19:00:00,49.72,9757.75,2768.75
2019-03-17 20:00:00,45.0,9287.0,2732.5
2019-03-17 21:00:00,38.82,8783.75,2813.25
2019-03-17 22:00:00,39.32,8266.75,2841.5
2019-03-17 23:00:00,39.5,7714.25,2838.5
2019-03-18 00:00:00,33.0,7442.75,2611.75
2019-03-18 01:00:00,34.0,7285.75,2476.5
2019-03-18 02:00:00,35.0,7214.5,2402.25
2019-03-18 03:00:00,37.7,7262.5,2368.5
2019-03-18 04:00:00,37.95,7371.5,2368.75
2019-03-18 05:00:00,39.66,7850.75,2318.25
2019-03-18 06:00:00,42.16,8903.25,2323.25
2019-03-18 07:00:00,48.29,10386.5,2362.75
2019-03-18 08:00:00,56.8,11402.5,2478.75
2019-03-18 09:00:00,46.34,11714.75,2571.0
2019-03-18 10:00:00,42.6,11427.75,2549.5
2019-03-18 11:00:00,40.1,10567.5,2481.75
2019-03-18 12:00:00,35.0,9822.25,2419.5
2019-03-18 13:00:00,36.2,10100.25,2334.25
2019-03-18 14:00:00,36.2,10195.75,2243.25
2019-03-18 15:00:00,37.77,10412.0,2111.5
2019-03-18 16:00:00,38.0,10919.75,1805.5
2019-03-18 17:00:00,47.4,11689.5,1418.75
2019-03-18 18:00:00,46.12,11812.0,1115.25
2019-03-18 19:00:00,53.0,12090.0,899.75
2019-03-18 20:00:00,46.0,11717.0,734.5
2019-03-18 21:00:00,44.39,11088.5,623.5
2019-03-18 22:00:00,41.7,10353.5,600.5
2019-03-18 23:00:00,40.74,9684.75,573.5
2019-03-19 00:00:00,39.08,9159.75,386.25
2019-03-19 01:00:00,38.49,8947.5,384.25
2019-03-19 02:00:00,37.45,8789.75,361.25
2019-03-19 03:00:00,36.47,8693.5,329.5
2019-03-19 04:00:00,36.42,8706.25,294.25
2019-03-19 05:00:00,40.29,8930.5,258.5
2019-03-19 06:00:00,46.96,9927.0,220.25
2019-03-19 07:00:00,51.27,11448.75,169.5
2019-03-19 08:00:00,54.38,12290.75,122.5
2019-03-19 09:00:00,49.69,12215.25,126.75
2019-03-19 10:00:00,46.31,11541.75,145.0
2019-03-19 11:00:00,44.55,10983.25,144.0
2019-03-19 12:00:00,43.31,10446.5,146.5
2019-03-19 13:00:00,42.89,10352.5,151.5
2019-03-19 14:00:00,42.48,10437.5,162.5
2019-03-19 15:00:00,43.74,10674.25,166.5
2019-03-19 16:00:00,44.61,11306.25,154.5
2019-03-19 17:00:00,48.96,12064.25,152.5
2019-03-19 18:00:00,55.17,12033.25,184.0
2019-03-19 19:00:00,60.73,12094.75,226.75
2019-03-19 20:00:00,52.55,11593.0,293.25
2019-03-19 21:00:00,46.46,10929.75,418.0
2019-03-19 22:00:00,44.72,10179.5,567.5
2019-03-19 23:00:00,41.08,9495.0,716.5
2019-03-20 00:00:00,38.28,9308.75,1166.75
2019-03-20 01:00:00,36.3,9048.25,1216.0
2019-03-20 02:00:00,35.05,8858.75,1252.0
2019-03-20 03:00:00,34.33,8758.5,1250.5
2019-03-20 04:00:00,34.69,8835.0,1221.5
2019-03-20 05:00:00,37.2,9197.5,1202.0
2019-03-20 06:00:00,41.23,10237.25,1163.25
2019-03-20 07:00:00,45.56,11771.75,1077.0
2019-03-20 08:00:00,52.94,12702.0,1010.75
2019-03-20 09:00:00,46.36,12766.5,984.25
2019-03-20 10:00:00,43.89,12435.0,997.25
2019-03-20 11:00:00,39.86,12194.75,957.0
2019-03-20 12:00:00,37.59,12112.5,895.75
2019-03-20 13:00:00,37.47,12104.5,780.25
2019-03-20 14:00:00,38.16,12095.5,656.25
2019-03-20 15:00:00,40.36,12201.5,545.75
2019-03-20 16:00:00,42.1,12495.0,477.0
2019-03-20 17:00:00,45.49,12924.75,421.0
2019-03-20 18:00:00,51.0,12618.25,393.25
2019-03-20 19:00:00,55.55,12545.0,432.25
2019-03-20 20:00:00,48.74,12030.5,495.0
2019-03-20 21:00:00,44.24,11368.75,547.0
2019-03-20 22:00:00,42.74,10507.0,585.5
2019-03-20 23:00:00,38.65,9862.5,663.75
2019-03-21 00:00:00,35.47,9343.25,969.75
2019-03-21 01:00:00,34.7,9132.25,902.75
2019-03-21 02:00:00,33.51,9025.25,858.75
2019-03-21 03:00:00,33.04,9049.5,806.5
2019-03-21 04:00:00,33.1,9174.5,790.5
2019-03-21 05:00:00,35.93,9505.0,766.75
2019-03-21 06:00:00,44.0,10503.75,756.0
2019-03-21 07:00:00,43.31,11925.75,754.75
2019-03-21 08:00:00,45.26,12897.25,742.25
2019-03-21 09:00:00,45.55,13027.0,742.25
2019-03-21 10:00:00,38.5,12722.75,751.75
2019-03-21 11:00:00,35.89,12291.5,763.0
2019-03-21 12:00:00,35.43,11773.0,737.25
2019-03-21 13:00:00,34.5,11639.0,658.75
2019-03-21 14:00:00,34.9,11583.75,534.0
2019-03-21 15:00:00,36.81,11932.25,426.5
2019-03-21 16:00:00,39.27,12366.0,343.5
2019-03-21 17:00:00,43.4,12829.75,262.25
2019-03-21 18:00:00,46.7,12545.0,217.5
2019-03-21 19:00:00,55.0,12616.5,211.75
2019-03-21 20:00:00,47.53,12096.5,218.5
2019-03-21 21:00:00,43.92,11280.25,212.25
2019-03-21 22:00:00,41.94,10372.25,172.0
2019-03-21 23:00:00,39.09,9681.75,146.25
2019-03-22 00:00:00,39.0,9202.75,56.0
2019-03-22 01:00:00,35.95,8925.75,53.0
2019-03-22 02:00:00,36.69,8802.75,59.5
2019-03-22 03:00:00,36.39,8837.0,87.75
2019-03-22 04:00:00,36.28,8992.0,113.25
2019-03-22 05:00:00,39.95,9535.75,129.5
2019-03-22 06:00:00,46.01,10637.5,137.75
2019-03-22 07:00:00,50.98,12125.0,134.5
2019-03-22 08:00:00,49.2,13183.0,142.0
2019-03-22 09:00:00,44.97,13409.25,149.5
2019-03-22 10:00:00,40.41,13204.5,155.25
2019-03-22 11:00:00,36.57,12780.0,160.75
2019-03-22 12:00:00,35.0,12262.5,172.0
2019-03-22 13:00:00,34.3,12028.75,196.75
2019-03-22 14:00:00,34.46,12033.5,215.5
2019-03-22 15:00:00,35.0,12284.25,221.0
2019-03-22 16:00:00,37.78,12622.75,222.25
2019-03-22 17:00:00,43.61,12991.0,238.5
2019-03-22 18:00:00,46.91,12682.75,303.75
2019-03-22 19:00:00,50.17,12517.75,401.75
2019-03-22 20:00:00,46.0,11882.0,449.5
2019-03-22 21:00:00,40.61,11048.0,492.5
2019-03-22 22:00:00,39.9,10231.25,486.25
2019-03-22 23:00:00,37.12,9509.25,435.25
2019-03-23 00:00:00,35.53,8812.75,432.0
2019-03-23 01:00:00,34.94,8564.0,338.0
2019-03-23 02:00:00,34.9,8381.0,264.0
2019-03-23 03:00:00,33.1,8337.5,230.0
2019-03-23 04:00:00,33.05,8388.5,237.5
2019-03-23 05:00:00,34.6,8454.0,284.25
2019-03-23 06:00:00,36.64,8703.0,309.75
2019-03-23 07:00:00,38.86,9234.5,333.0
2019-03-23 08:00:00,38.43,9867.5,314.5
2019-03-23 09:00:00,40.36,10289.25,328.75
2019-03-23 10:00:00,37.34,10256.25,445.75
2019-03-23 11:00:00,36.62,9701.25,592.0
2019-03-23 12:00:00,36.0,9217.75,762.25
2019-03-23 13:00:00,31.1,9065.75,877.25
2019-03-23 14:00:00,30.1,9150.25,935.75
2019-03-23 15:00:00,31.1,9263.25,937.75
2019-03-23 16:00:00,32.58,9385.0,887.0
2019-03-23 17:00:00,38.71,9894.0,795.25
2019-03-23 18:00:00,41.27,9849.25,701.0
2019-03-23 19:00:00,44.99,9801.5,624.75
2019-03-23 20:00:00,42.25,9408.75,550.25
2019-03-23 21:00:00,39.1,8893.0,484.25
2019-03-23 22:00:00,40.35,8445.25,407.75
2019-03-23 23:00:00,37.93,7903.75,342.5
2019-03-24 00:00:00,39.15,7529.0,303.0
2019-03-24 01:00:00,36.05,7347.25,248.25
2019-03-24 02:00:00,34.45,7293.75,210.0
2019-03-24 03:00:00,33.61,7309.75,172.0
2019-03-24 04:00:00,33.85,7502.25,132.75
2019-03-24 05:00:00,34.2,7727.25,98.25
2019-03-24 06:00:00,34.32,7961.5,79.0
2019-03-24 07:00:00,34.98,8305.5,59.0
2019-03-24 08:00:00,36.6,8784.5,44.75
2019-03-24 09:00:00,35.81,9078.75,66.75
2019-03-24 10:00:00,33.78,9068.25,141.25
2019-03-24 11:00:00,32.01,8946.25,252.5
2019-03-24 12:00:00,31.1,9012.25,408.5
2019-03-24 13:00:00,25.08,9002.5,560.25
2019-03-24 14:00:00,24.13,8762.75,771.0
2019-03-24 15:00:00,23.79,8839.75,1002.0
2019-03-24 16:00:00,25.1,9157.5,1108.75
2019-03-24 17:00:00,36.6,9674.0,1130.25
2019-03-24 18:00:00,39.37,9799.5,1133.0
2019-03-24 19:00:00,42.93,9884.5,1336.5
2019-03-24 20:00:00,40.55,9507.5,1708.0
2019-03-24 21:00:00,37.6,9056.25,2115.75
2019-03-24 22:00:00,40.0,8533.0,2449.5
2019-03-24 23:00:00,38.2,7914.75,2703.0
2019-03-25 00:00:00,24.34,7623.75,3113.75
2019-03-25 01:00:00,22.5,7531.25,3103.0
2019-03-25 02:00:00,25.0,7532.0,3100.5
2019-03-25 03:00:00,22.4,7575.25,3142.75
2019-03-25 04:00:00,27.6,7708.75,3266.25
2019-03-25 05:00:00,28.0,8157.0,3453.5
2019-03-25 06:00:00,34.45,9154.75,3534.0
2019-03-25 07:00:00,42.0,10620.5,3585.25
2019-03-25 08:00:00,41.18,11592.25,3676.75
2019-03-25 09:00:00,39.69,11662.25,3799.5
2019-03-25 10:00:00,34.61,11264.75,3829.25
2019-03-25 11:00:00,34.0,10427.5,3879.25
2019-03-25 12:00:00,33.06,9735.5,3929.0
2019-03-25 13:00:00,32.4,10035.75,3924.0
2019-03-25 14:00:00,31.2,10075.25,3845.75
2019-03-25 15:00:00,31.52,10222.5,3728.75
2019-03-25 16:00:00,32.4,10692.5,3512.75
2019-03-25 17:00:00,36.68,11468.25,3176.0
2019-03-25 18:00:00,41.2,11538.0,2873.75
2019-03-25 19:00:00,48.5,11979.25,2680.75
2019-03-25 20:00:00,43.22,11705.75,2409.25
2019-03-25 21:00:00,39.81,11058.75,2059.5
2019-03-25 22:00:00,39.99,10290.5,1800.75
2019-03-25 23:00:00,37.56,9594.0,1639.75
2019-03-26 00:00:00,33.25,9084.0,1325.5
2019-03-26 01:00:00,31.3,8868.75,1129.25
2019-03-26 02:00:00,31.2,8728.25,1005.0
2019-03-26 03:00:00,31.3,8660.75,970.25
2019-03-26 04:00:00,31.3,8702.5,1111.25
2019-03-26 05:00:00,32.5,8966.0,1218.75
2019-03-26 06:00:00,39.0,9947.25,1279.25
2019-03-26 07:00:00,42.8,11393.25,1313.75
2019-03-26 08:00:00,42.75,12209.5,1497.75
2019-03-26 09:00:00,40.0,12145.25,1605.0
2019-03-26 10:00:00,42.0,11619.25,1622.75
2019-03-26 11:00:00,39.05,11038.25,1600.25
2019-03-26 12:00:00,38.78,10486.25,1479.0
2019-03-26 13:00:00,37.4,10432.5,1260.25
2019-03-26 14:00:00,36.1,10640.5,1080.0
2019-03-26 15:00:00,33.9,10823.5,944.5
2019-03-26 16:00:00,34.0,11375.25,819.0
2019-03-26 17:00:00,39.76,12152.75,668.0
2019-03-26 18:00:00,43.0,12004.0,573.0
2019-03-26 19:00:00,49.4,12128.25,551.0
2019-03-26 20:00:00,46.41,11686.75,520.75
2019-03-26 21:00:00,43.37,11004.0,495.75
2019-03-26 22:00:00,42.28,10252.0,509.25
2019-03-26 23:00:00,38.42,9513.75,504.75
2019-03-27 00:00:00,36.62,9489.5,330.25
2019-03-27 01:00:00,34.81,9191.0,301.25
2019-03-27 02:00:00,34.27,9035.75,292.25
2019-03-27 03:00:00,33.37,8973.5,309.25
2019-03-27 04:00:00,34.14,9087.25,378.25
2019-03-27 05:00:00,36.82,9440.25,454.0
2019-03-27 06:00:00,42.01,10515.0,477.75
2019-03-27 07:00:00,46.0,12060.25,459.25
2019-03-27 08:00:00,47.04,13134.0,465.0
2019-03-27 09:00:00,43.94,13468.25,497.75
2019-03-27 10:00:00,41.48,13382.75,532.75
2019-03-27 11:00:00,40.61,13314.5,547.25
2019-03-27 12:00:00,40.0,13241.75,565.5
2019-03-27 13:00:00,39.58,13192.5,620.0
2019-03-27 14:00:00,38.75,13072.0,670.0
2019-03-27 15:00:00,38.75,12966.5,665.75
2019-03-27 16:00:00,39.18,13189.5,624.5
2019-03-27 17:00:00,41.49,13523.75,560.5
2019-03-27 18:00:00,44.17,13068.5,490.25
2019-03-27 19:00:00,47.68,13010.25,471.0
2019-03-27 20:00:00,43.99,12539.0,474.25
2019-03-27 21:00:00,41.22,11832.75,462.25
2019-03-27 22:00:00,40.83,10942.75,463.5
2019-03-27 23:00:00,36.92,10259.25,467.5
2019-03-28 00:00:00,32.73,9678.0,330.75
2019-03-28 01:00:00,33.67,9425.5,312.25
2019-03-28 02:00:00,33.38,9258.25,285.5
2019-03-28 03:00:00,33.29,9237.5,263.0
2019-03-28 04:00:00,33.12,9340.75,211.75
2019-03-28 05:00:00,36.67,9675.5,168.0
2019-03-28 06:00:00,44.48,10736.25,140.75
2019-03-28 07:00:00,49.06,12248.75,117.0
2019-03-28 08:00:00,48.53,13316.25,108.25
2019-03-28 09:00:00,46.78,13494.0,98.0
2019-03-28 10:00:00,44.12,13212.75,79.0
2019-03-28 11:00:00,43.36,12924.0,61.75
2019-03-28 12:00:00,42.54,12557.0,55.75
2019-03-28 13:00:00,42.39,12336.25,54.0
2019-03-28 14:00:00,41.74,12170.0,45.75
2019-03-28 15:00:00,41.94,12366.75,42.0
2019-03-28 16:00:00,42.53,12782.5,44.5
2019-03-28 17:00:00,45.74,13292.0,44.75
2019-03-28 18:00:00,47.65,13073.75,47.0
2019-03-28 19:00:00,52.66,13336.75,51.5
2019-03-28 20:00:00,46.36,12861.0,51.25
2019-03-28 21:00:00,43.3,11828.5,38.75
2019-03-28 22:00:00,42.38,11167.0,30.75
2019-03-28 23:00:00,39.32,10470.25,37.25
2019-03-29 00:00:00,39.28,9941.25,107.5
2019-03-29 01:00:00,34.1,9592.75,155.75
2019-03-29 02:00:00,34.44,9458.25,204.0
2019-03-29 03:00:00,34.47,9481.75,236.25
2019-03-29 04:00:00,34.99,9624.25,237.0
2019-03-29 05:00:00,38.04,10076.25,229.0
2019-03-29 06:00:00,45.56,11115.75,200.75
2019-03-29 07:00:00,48.33,12475.75,169.25
2019-03-29 08:00:00,47.62,13430.25,154.75
2019-03-29 09:00:00,43.07,13485.75,157.25
2019-03-29 10:00:00,38.2,13004.25,182.25
2019-03-29 11:00:00,34.49,12250.5,181.25
2019-03-29 12:00:00,33.43,11537.75,171.75
2019-03-29 13:00:00,32.87,11192.25,156.25
2019-03-29 14:00:00,32.4,11282.25,135.75
2019-03-29 15:00:00,33.13,11624.75,121.25
2019-03-29 16:00:00,36.01,12049.75,107.25
2019-03-29 17:00:00,43.27,12705.0,97.75
2019-03-29 18:00:00,48.51,12676.25,90.0
2019-03-29 19:00:00,49.07,12758.75,104.75
2019-03-29 20:00:00,47.62,12307.5,131.0
2019-03-29 21:00:00,43.04,11475.25,164.75
2019-03-29 22:00:00,42.75,10689.75,198.5
2019-03-29 23:00:00,39.32,10142.25,240.25
2019-03-30 00:00:00,37.49,8843.5,372.25
2019-03-30 01:00:00,36.68,8538.75,436.5
2019-03-30 02:00:00,34.36,8361.25,498.75
2019-03-30 03:00:00,34.61,8381.5,526.25
2019-03-30 04:00:00,34.9,8463.5,556.75
2019-03-30 05:00:00,35.02,8509.75,534.0
2019-03-30 06:00:00,33.51,8774.0,445.25
2019-03-30 07:00:00,36.89,9300.0,283.75
2019-03-30 08:00:00,37.1,9948.0,190.25
2019-03-30 09:00:00,33.17,10358.25,169.25
2019-03-30 10:00:00,31.63,10319.75,187.5
2019-03-30 11:00:00,33.5,9922.5,220.25
2019-03-30 12:00:00,34.7,9646.75,272.25
2019-03-30 13:00:00,32.4,9397.0,306.0
2019-03-30 14:00:00,34.4,9278.0,335.75
2019-03-30 15:00:00,30.85,9205.25,340.25
2019-03-30 16:00:00,34.4,9219.75,323.25
2019-03-30 17:00:00,40.29,9787.5,319.5
2019-03-30 18:00:00,46.81,9913.25,309.75
2019-03-30 19:00:00,46.62,10154.0,321.25
2019-03-30 20:00:00,43.08,9907.0,380.0
2019-03-30 21:00:00,40.53,9406.0,484.0
2019-03-30 22:00:00,40.86,8923.75,538.0
2019-03-30 23:00:00,36.85,8434.25,559.75
2019-03-31 00:00:00,40.1,8434.25,559.75
