Date,h0,h1,h2,h3,h4,h5,h6,h7,h8,h9,h10,h11,h12,h13,h14,h15,h16,h17,h18,h19,h20,h21,h22,h23,h24,h25,h26,h27,h28,h29,h30,h31,h32,h33,h34,h35,h36,h37,h38,h39,h40,h41,h42,h43,h44,h45,h46,h47
2018-11-02,44.290801442130025,40.35257301315349,39.21379819185013,38.30838830985261,39.99802150395128,39.77083792389693,49.10443276715876,55.35404936469081,61.74281131066785,66.86415047613923,63.29897693959419,59.94344867467528,56.68508208753916,56.08450979172508,55.49444655234439,56.53776960437087,60.647153142062,72.38681778485258,73.84972607788835,72.90659834921726,64.14795456566797,58.34347557001431,56.404657046193776,56.80977205674586,52.93195602715685,47.99302783104335,46.75977566160253,46.09095781450035,45.38377882868967,43.954115267620786,47.480867032645236,51.585573681631416,56.656380229916024,60.44748395634793,62.61940890024779,58.78730496230244,57.47885513235138,52.75711814596084,51.14314039201298,51.070307515668475,54.65568288589802,63.19848605756292,67.019329389847,61.47491022330288,55.246824343569756,52.06812763034133,52.610578074345696,51.59946947574246
2018-11-03,50.59558172917794,46.65628003951724,47.19504991968096,48.95136010389635,51.36597466697352,46.34864168281085,45.44959500258285,50.936661956854216,57.018121712659976,60.17639794805199,60.380752111455614,55.515610533544354,56.61647137466907,52.37234313141776,50.88514242426086,50.70547388508747,56.820172483566346,67.18574591800123,70.12675517157074,61.28467286430187,55.48112400301734,48.99693233886863,50.25631511737871,48.3783160211333,46.80816905436267,44.843918527984776,44.103139619151435,43.21575750814785,43.04251073947496,42.15465316441231,44.42942290887416,47.57736263135637,48.96845247411918,55.58088137782692,55.47668181377022,54.98129992068648,54.437620494742916,52.68821493625656,53.802705135130644,53.87683651852023,55.67909097051324,68.35535314183727,71.55829896562793,66.72986309233035,60.575259099282796,53.9870830364012,51.67106536393978,49.07806473096905
2018-11-04,46.64700746955373,43.91917402855999,43.68837374908791,41.86640367494726,43.30638848819642,41.51803373134813,42.922611639894335,45.58534723858887,48.95431068311301,54.66885054941832,52.78201808431731,52.56277345351066,53.01348831165422,52.23332631057443,52.06492107002423,52.946206972286575,58.555257323908265,68.59426733259768,70.18371212860357,65.47467045458669,55.25264703860823,52.37391716368893,52.599256001502106,49.09109233167743,46.4990287405048,44.333191141920615,43.7385096306211,42.30912147747581,42.18081340061076,43.59680000128034,55.41324181826796,62.642610907293566,65.3461904080346,70.64526331818779,65.53535840148825,69.88945747273661,64.97338474437382,66.5739620119742,67.84174795191129,71.30935711354724,73.44572753822521,93.80299012181806,83.69948912497897,76.20355096812239,61.731553576997065,56.938631570701084,51.97744173055074,50.55828119910426
2018-11-05,48.82484888910275,44.76254046323206,45.87857994074066,43.79660365690795,46.80804479138074,47.31585312415152,61.27976809395007,66.28291035690444,69.99188224532577,76.20668227680329,69.58856943309007,72.04614528842788,66.47688647228152,68.70629845474278,70.95745990821129,75.76189198358477,78.90962745289737,89.46021223768415,90.11718246743828,78.06664821768423,64.10705791804487,59.95312830292096,53.96404808807925,50.602941588831264,52.91207227487158,48.89180583455192,47.714825836086476,45.06948093493771,45.25612752302513,47.552230723445014,60.163337221103035,68.30477339403282,72.4516703357656,78.00962120806102,74.07148132711337,70.85764237411568,67.6698737607219,65.21013489029465,65.32181234891195,65.23981247100019,68.13948302199705,79.57901379855224,75.68542060069379,71.86854261516743,60.91023220236198,54.65139563672048,52.364319971341786,49.621975034303354
2018-11-06,51.71335439037394,46.79618259279162,45.63947388866293,43.15349344421531,42.66874615522725,45.53832742235929,54.65911605132556,65.36552827435682,70.00409895852115,73.74303722947994,70.31200623725522,67.76405056144972,64.42062643375961,60.88232352490637,58.5305923735323,59.71748447544192,66.50256074067553,74.73903938997472,70.76666367873067,63.74499137959472,55.51001580951451,51.11414484455828,50.02959103816325,47.22296764191877,46.165488779447614,44.07544754507221,42.603175469462435,41.822678711548626,40.84729698550985,41.860217660208534,50.81002017005795,60.073170897945225,60.82397711413654,66.63881457010017,64.38992998827146,58.12787986029247,57.47760513851077,56.37440155180709,56.60884339979887,57.79832869644477,61.6781516811096,74.55988482331763,69.16607669735842,60.33069651022941,54.361661625191616,53.31836558156567,48.87693790050951,46.75786328904859
2018-11-07,47.22168374738845,44.37652140472787,42.9443192670532,42.43470279862261,42.77480123508995,42.65935764589226,51.00824848187229,60.10531615408792,61.37588826975495,69.22452920524117,66.80433813348517,59.73301676919844,60.33685982106743,57.92806761343114,58.00439846306929,56.6644480682138,61.49420983784956,74.13148720033287,68.52578268739508,57.146208697066335,57.43432417496249,53.24038887473176,48.0605642369559,46.14773536238579,44.85208306309275,44.20824918755673,43.621889043885034,41.44730700045743,40.976585729410715,42.98776329010889,51.8220569051754,57.71420186251467,62.35709052886207,68.15168009019635,66.19896594015376,65.66339793035114,62.939947811906066,63.34459731478656,64.9430678216025,67.01396392841843,71.2459839347959,86.21644786644111,82.45106560752123,72.90105798989039,61.24109483735067,58.80162411777676,55.45797178161894,52.05713961304762
2018-11-08,46.87953770335283,45.45108974353612,43.76532250295704,41.69652252286807,42.83415144758244,44.538836512060925,51.09786570099583,59.478869612427445,64.78181635283914,68.43798324657573,68.28777130881006,66.23735048163825,66.0807905168691,67.73812549224183,68.8430349186508,70.43690046346893,77.57032479018878,88.07231015905921,90.27635628653194,77.91914400720576,66.3122328486418,60.66424544662934,57.38570527852312,54.25087026571343,49.02732773268916,46.65475123227603,45.2289961858159,45.141344257398316,44.234593009159546,46.10911414833045,57.04019145113584,64.85206872478614,69.40770835715665,73.94287257988795,70.66140584905287,66.81992866435274,63.27786134146115,61.76906611616504,59.68342366426656,62.00436297784097,65.41766721620269,77.99746620978452,75.75008778237726,63.250120311906606,56.816288682385505,52.15806804675044,49.454088083868974,47.60275870444574
2018-11-09,49.33597837219171,46.410465074490176,45.74395898235679,46.45534455687347,44.89180419294944,46.35531838624885,57.10526917670399,70.04620343831212,73.68365755314484,79.64046347855262,74.82639278382212,69.66499771778187,64.13253569299219,61.75779226202229,59.5705019766397,61.5598837670468,66.99854761919272,80.81190236245591,76.92826030734717,62.60581908770416,56.69204387799425,50.22241757913385,48.65626404739448,46.72261279956261,46.59558726369391,43.45270889371247,40.51644316850482,39.10016566175189,38.68175104935923,39.468019663033765,43.79699853403997,47.44552191052597,50.546627873470584,58.02293715469637,57.98916205025087,54.54293355057355,51.86970009134188,50.19260006616459,51.62431583454243,51.96314394871431,56.305424766349915,69.17599494629482,69.11483743228689,61.66629903311718,57.375838355460985,54.944619635723065,53.92239248821167,52.36934221445223
2018-11-10,49.04473544768885,44.61344690121693,41.42007771483623,39.206067995411104,39.46754327281275,40.20005695388157,44.64066020999039,47.55479299944567,51.19110697999826,58.379960279479775,57.54468564339487,53.84856008891556,52.66186233056256,49.29551351152995,48.74286167550214,50.62036430610427,55.58043653963335,66.51491030624581,66.45156049307985,63.73684174905567,58.07034374634516,56.37283315565548,56.42430067293775,54.60391598492423,51.184968747192464,46.6415481814068,43.115215045805925,39.95383389793834,38.393053004506555,38.77054044352479,42.26761423265187,44.10893687505798,46.60850382361927,51.92148012675439,50.686535118588466,50.28997713706985,50.124504241143256,46.7291056797616,45.31596340387519,45.159262879095664,48.73847002793826,61.704103948219384,62.71268192673275,60.58943808415181,56.21895609139205,55.22290192753427,54.358171985082976,52.48418037650057
2018-11-11,54.76142860229589,49.96982813052783,45.62111953335605,42.72766539255439,40.57974930120989,40.20813761058505,43.245299298250224,47.34051099247607,49.55802500053604,56.28174037318337,55.96988157663216,55.95648318418952,56.8999615409094,51.65891678340921,49.5140763545224,47.872892519916,53.77691428792822,66.75868999699665,70.98801558317807,73.19498961253178,62.9585893740192,57.22164964197911,57.35433612265555,54.7891561489256,50.799814756991665,46.31122031082441,46.375576422635554,44.09563038608357,43.125018072679296,45.1527465198936,58.255910705010606,68.70824777957796,69.96597072855394,73.87453464327561,76.8415754760002,74.06014466528912,71.04301946442786,74.1549735053323,74.2996901473676,75.17577061129174,81.68375022092272,96.86834786426355,91.9488101159917,78.58720677662853,68.0405088246795,59.26703882684922,55.572909100326186,52.033438257706564
2018-11-12,51.54832717220204,49.44042228399829,48.71064681484475,44.08635207296868,41.4723416686234,44.548938848441786,59.8414159829302,72.76969869027575,69.86071468530874,75.7347018982426,84.97384372083667,84.41839565630038,83.18321039039554,87.02085738763377,94.12563891103846,89.7255660995648,105.62362125110846,113.87885448691252,114.38253167505032,86.36346243111956,72.64495516967938,62.23564753720894,57.88832146828589,53.74356892743921,50.175267850865374,47.74120360262187,44.825182362277374,42.32559227977324,42.036911476614364,46.037641853775206,54.54752140096983,64.85239551784053,68.48428998032753,71.55789835082408,74.53716072568344,67.07528841559997,65.58916628903054,63.93385518212054,65.66308073812105,65.39359264025106,70.4285860906794,89.43073853064412,83.36014577251132,70.86608774325957,61.32073603377012,57.99528335946658,52.779171633912576,52.62697147880291
2018-11-13,48.40912563056496,46.13152119272097,42.71423901096175,40.54942628103963,38.8830749599273,42.829278769905045,52.35303140453576,61.70074527581174,66.67824606568948,68.96579353251582,71.6715272597385,63.91318191711116,60.22748835508492,60.80087143379455,60.38607207169209,59.71369653950552,64.22521366341729,80.17675842959748,77.77197942835008,65.38724720346806,62.78651346076363,54.24085728128604,50.55482342186577,51.2207472355001,49.12626796980436,48.09140084071349,46.932087894554314,45.323622353852635,44.01119710300915,46.871405698632834,55.90562361977233,66.6653720280708,69.55706987720089,73.33265185114442,71.61326783382323,64.26610301934281,65.79301927294144,67.03031951958185,66.89781599076579,67.71169565343787,71.97770339078366,88.51136396661762,84.54377930484063,72.79974266521432,60.76185538924257,59.75964670969057,51.644910650707075,51.16634895713465
2018-11-14,51.39238419370769,52.16701202269259,50.80946079158896,49.64309691024205,50.57579641746603,52.98950905800676,60.09233160316377,72.75611757728578,74.59490073607168,79.1847133203369,75.70732925685121,67.33577009912585,67.90783332172981,70.74319178604497,72.84328278484115,74.61563402101507,80.44899197878547,104.26854275625963,102.7446467099407,84.85210710325597,66.84061914941458,62.31024712622043,51.90810109681205,53.21594289866958,51.99896703199465,52.81255730537484,52.93964442317805,52.912356510811165,52.666287867169515,53.97051331532589,63.58414634452247,75.99610857919367,76.70009776034736,81.80566110242155,79.51083905138053,72.9744961256506,70.02122559335841,70.34022117937369,71.33372505507285,75.8659224236253,84.07744809452015,106.11461921860672,106.94131813656509,88.4120452938335,73.61034026514537,62.463315270376015,55.60756201963373,52.91113096990686
2018-11-15,52.50880963512248,50.953661080126906,52.68891715129962,52.454282553024086,53.07695423523403,53.60359234054541,63.93247973556136,74.79669128555952,76.68860172213769,79.26539940426755,78.58363803447482,71.04928013596103,67.05314469166163,68.11988765809936,68.05698083493895,73.857285666866,80.63286360313792,100.2442038371153,103.95827868162895,84.44456621792982,74.66492845225876,61.84976184913709,53.360109140287776,52.40750600716227,53.42925168969905,52.562636166873375,52.658936941541086,53.65422326485843,54.89725442198998,56.4047592134988,65.77382121806279,76.98565647910743,83.75748594674667,85.96492475516783,83.20982422119447,76.36785764747388,72.9387228024085,70.37719301384995,71.15258489279735,71.09032686081505,73.89498245480956,88.9258412602413,89.40477867903058,75.23263189487957,61.458581931656454,56.72081318643218,52.91171567075172,50.568336820793135
2018-11-16,54.8840683720536,52.23674711540485,52.99227235452064,53.176881016150354,53.12955440491472,55.152295338264665,63.63487131982332,74.07504034714015,78.61360200795713,79.13309262206712,78.8690720085022,73.2497336496281,70.08033564112617,66.74022696826954,65.97722296076492,66.01307502103077,69.39512381171136,82.90166809582823,81.76958140328438,69.9908625221116,59.79242622324528,54.11228125420027,51.082472790182976,50.43632229242144,52.774343444624904,50.45318915502682,47.26028521882846,46.99106635007195,45.08322330541242,45.853257625279696,50.06675893980344,54.60067831308335,59.249241132191685,68.13196616015425,66.89316661144909,64.40827717962183,59.123488392737485,56.8415175703888,56.704102208548605,55.94677992977029,60.06441790387086,70.9490015191416,69.59726329642213,64.14664751407052,57.020392171530986,53.80155449616066,51.71751093763566,50.20189005735342
2018-11-17,57.52318156362932,52.35111374069064,48.7471025250742,47.9186321310725,45.66286733574834,46.25108419803849,49.16056739747767,55.67768292492019,60.54396780890721,70.95981719444217,66.62645283125485,63.56431202575884,59.96102524190404,57.9454227532912,56.09638846132235,54.94654277583186,61.35629310829745,71.57516718663459,70.7010129737636,68.25303703921753,58.448833521143634,54.510408732815065,53.2186758415082,52.11415804520552,52.04873275105059,47.56718029232677,46.29584854271593,44.53121053308866,41.82545085638825,42.04096569171298,45.64950620457289,50.30291941376502,51.53922680740772,57.39735210138585,59.5868447407831,60.483142629806046,59.30188400832414,58.22630963052043,55.869635238051835,55.610021074255336,59.398808680134366,72.5696742655197,74.98383434975781,70.15908822424484,62.91362413297781,56.8949610217403,55.8611706248057,52.653847969332624
2018-11-18,50.89645368424565,48.17565254677427,47.17819649659741,45.29697723928576,42.50274251170587,42.03363918306472,44.1439186162568,49.57268945708943,51.50560212207152,57.33068785745313,56.43830099627165,59.32231506864642,58.301451102619225,56.78950021683073,55.16890016933935,55.32933888471492,59.77224673847282,73.30413178971202,76.8110885283741,68.95510476912284,63.32162362209071,56.33622260913075,55.59135838542147,53.03492714726677,50.56448392657363,48.34496948999659,46.65970953607979,43.35646857229591,41.89863872916562,44.411389280060966,55.741059355567685,68.64124503572299,69.08436325214333,72.11519953772441,72.9845050344759,67.982768106479,66.80384338705228,63.204525144518485,62.27699075721546,63.9320867907816,67.47818928446205,89.06668852860867,82.77710853673857,71.57778866721854,60.1842031910848,55.6108408908476,51.6178632068479,49.13320790665915
2018-11-19,51.97316782708936,49.21957936998732,47.38375664269695,44.44061167319617,44.01246483457928,44.69635265925942,57.21921983347363,69.80653791052433,68.13755568787924,73.36199302376212,72.48240224040984,73.22673594648717,71.41010023481587,68.46744686898741,67.1250489137601,64.80983463912415,69.11530503463926,93.14509039075188,95.4174223276682,79.24783675948808,63.32354730220455,55.29264569470812,52.11443136980601,50.91883307064942,49.75682356508203,47.16447810299685,45.253992301787285,44.2167783322988,42.23581219418972,44.88955840001556,53.802041780968956,65.37507995611858,66.70961234942877,74.9331111625367,74.11189289619509,65.69160003660595,63.348855747552165,64.40726270237423,65.69491454165085,65.2774728462886,70.59559576917853,91.76580344371156,86.8606867896106,73.21324271103482,63.56136929573825,56.4891948431729,51.153018185794,49.981598765389414
2018-11-20,45.42248328821364,43.432444448859385,42.10787870450454,41.35406113889413,40.35759005823871,43.0838496290538,50.25077457837117,59.34109260365807,64.55661683854484,73.25242486477433,70.28354928587352,62.90217206416194,60.60170015678487,60.25386057530986,57.94343715611197,58.95675753355867,66.03034486061051,90.6880211417478,77.98698542225486,67.0097064783446,58.60290985260127,52.614156866781,47.9435263695418,47.18199724202108,45.207318019917665,44.471820786993725,43.63656947574597,42.60739195321432,41.38143622601796,43.24294925118964,51.388320901728754,63.856995895370034,64.91350635184448,75.58072143596588,72.88242666572172,68.9203128614859,67.0134526008448,65.53166122020842,66.91253734866609,68.24391384909063,73.83266222261813,96.81632958204727,86.25986551651556,71.61514896659709,62.644353020847824,57.46607068604126,51.69817968204437,49.189422427375455
2018-11-21,46.16827932131813,44.61096041399438,42.57902276338738,41.66283150906679,41.169394579065575,43.161785834799154,51.43566008886417,60.8975619307862,61.58227120104736,69.49372777204768,67.6210686288753,64.2092700223881,59.50808195944787,60.23287798306143,63.49829913403184,67.49568772513246,74.26603642343204,94.05040240660988,83.50010724114034,68.1862150703405,59.91920689577637,54.720046012865495,49.94570394549745,48.48547724070546,47.61165453229117,46.196418826225106,46.142975322583844,45.997349307713016,45.91190760193491,46.517457831082965,56.90651054013189,67.40098516572817,71.01352651703824,75.33397630666211,76.70634212746202,73.13376808202635,67.61771982033707,64.68842026465035,67.8247902636932,70.27199334896483,77.53204508272654,100.92661834404305,88.95753739288224,77.43589450181351,70.25498125338194,58.66978951530312,54.81195090478297,52.33557847618966
2018-11-22,48.742637553282165,47.598991040024735,48.29338756540677,47.87343028189194,48.88708016013199,48.173727235567526,56.76432480022589,70.82928121745074,71.45243182868334,75.81170737382597,76.85740817654363,73.90449684959128,69.77692968532017,65.9937069941018,68.82164619266513,72.88833331217546,82.18887807833548,106.8455836856008,99.09191255308552,81.26084237768728,72.44015713597143,60.32931990879014,55.71971192358978,54.9122870290506,51.63032563872848,48.26795799649727,49.2817339689841,51.60430526844664,51.49506392611747,52.93307174289573,60.283301603135904,72.0029823913749,76.54805172058889,79.64986492697372,79.95895572583586,73.83127783583026,71.64977694078722,72.27259424924992,71.84850660315908,73.0165264352472,76.05898728502396,91.91225387844221,89.02330185754442,70.40178787271009,64.55125648071085,56.00770750939087,53.52097039828884,52.93139903502781
2018-11-23,52.18885196434861,50.99760286471288,53.117433922091024,55.07079744098127,56.52233933068973,55.85149471091951,62.884771239261575,80.24272928201822,80.79930016390826,85.39378153820752,88.13555632236356,82.26836193343226,80.19879260374503,80.47037766520523,80.18510051683597,83.87270522796652,84.84331413330611,104.9645213193827,108.09793812126831,81.63396844146892,68.10173329612185,57.33696033571756,54.67038270995228,52.79524374044343,54.86114458861408,52.07336414994499,50.220030927211525,50.38849223652276,48.35818958386952,48.393948519417485,50.37314109338833,54.88301805742474,57.507762966745254,65.33489000356619,68.45568623709197,66.58144616062438,64.7921519040375,63.147182503951626,65.25824426789603,66.54929187290627,72.7093797656337,92.305660844514,91.01621581876137,78.63535362406071,67.75293439391207,61.038610096802884,56.2994087228156,55.02327797576498
2018-11-24,54.19305320657555,51.465487504427806,50.09420121687018,49.57943589120704,49.43848938903706,49.66721080166983,50.26723998239834,56.36157454032129,58.91080751118709,67.52387145816368,67.96812517534102,67.65905349562642,67.56713212421998,65.84449477197887,66.4092054045994,72.47318807220655,76.40361783192665,98.93300822538292,94.9077956080354,84.40467039555561,71.12752199733497,62.68504252440809,56.257603011458,55.146702087975385,56.3136485808533,55.46968014958368,55.96693273252481,56.43452002528542,53.72364519861276,51.392903265973466,50.74595021056024,54.876450304898086,57.24948642024528,63.72165768922621,67.33442841120441,70.53892524734252,67.09043299792216,64.24152827736492,62.62261458365124,61.0050681800672,64.94118828982155,82.42775038106866,83.94691663310721,72.11554911582537,62.12194248606813,57.18346959293517,53.91075397731748,51.32298665813298
2018-11-25,61.678308527245306,59.15910014538548,62.09897319592959,59.98551840795518,57.83136207349808,53.20633812668313,51.09220786439111,55.19372435714261,58.51145597442776,65.9497237529767,67.92300038954322,70.05321281343811,67.55942638031496,64.33565341650545,61.706464966998105,60.733777718973016,63.57842534164138,78.37554883700464,84.2524444848143,75.68431452500016,66.94464020692716,59.318874875855286,54.90935321420029,53.1588438446496,52.184167839358466,49.12818047263899,49.44969352153893,47.53682852524703,46.95378581106324,49.16496133695488,59.278550924848105,72.77624546764545,73.21289012449958,77.33641317608294,74.72962680771892,75.83216936488486,73.25275660250564,75.762262325091,75.22971421133454,79.87088891916852,82.32229749251303,101.30333556902906,100.91982907575854,87.76102289250701,72.23826760977104,62.760128644382775,58.22632060174113,55.06228123452007
2018-11-26,48.53086868620989,45.11861646700692,45.97858577683044,44.53623812720851,42.80973435770903,46.08369879162053,55.61299613146432,60.45317819757425,67.3718961016535,69.79656758325814,65.92560816393318,69.97853277185492,64.00698974513823,67.78719982352744,67.58455844225772,74.13207454205948,74.72109590654368,88.9866514264543,84.20702959114585,69.38080921765935,63.91846904897149,58.32730033947187,52.26893716333355,51.04979086902167,51.824386374244824,52.06526408094459,51.753260873818704,51.15813469596495,49.81634465835461,52.55820786741991,58.91056906911055,73.15322465993705,76.5918785434562,81.88632573648647,81.05503020094389,79.9887646879535,69.74655993268618,69.16790389389594,71.11035845558821,70.95063145064857,75.74937391232007,93.76050193112081,83.98817890377427,70.91974630238843,62.31814767227219,54.91788979606159,49.582822651244975,46.26816233519591
2018-11-27,55.04137706712174,57.02757817895401,58.68635400417772,58.73608296963752,56.2726312388066,59.76812136302156,61.57842019377989,81.99356940137919,88.37361119955227,103.75070494338374,100.46811656458073,95.45915135182749,83.23956994133292,82.03888643289373,84.32565965349252,82.04365981018248,89.15307257394349,135.13029656941342,102.72639094237012,80.39898144354818,67.14799438501743,57.88499490606192,51.39184833274066,47.752519017469226,49.352853002027956,46.485675113449176,45.9439636010351,45.46755093074003,44.64877732916778,47.35308361577596,55.25184608751451,68.91789519252826,71.7298099359594,81.39205282849898,79.19552113278002,71.76101791972789,68.31543496362542,67.52959182393639,69.35306822567301,70.83731193125038,76.81696802830162,97.05631712758841,89.48011728025412,66.70107154788207,58.11162540415102,55.70999467444993,51.65820544951909,48.620964228633056
2018-11-28,48.38827426710792,44.79091121849477,43.6922194533058,43.13557438832212,43.99324371739085,45.92975840517082,54.50788438602856,69.0903806941134,72.59229411249318,81.81707608564552,77.64755924464343,71.53722640756541,66.46427414644697,66.26296589237946,66.54728713428293,67.44445842670694,71.62987969425576,91.69034800207008,86.50301975114351,68.70892725078554,60.7896506542921,55.3860827988338,50.704499615253766,47.50008594719421,46.83993026152757,46.70204965449601,45.54220324182352,44.60470310443566,42.45404506656301,45.46126785774786,53.27547426033912,65.89988075317001,71.79647916443906,77.89652409436621,75.34483123444429,68.6100247894991,63.02529042360915,63.940167121737716,63.08013529572053,65.83859734316708,72.61439630051359,94.00727456856174,81.18354446991958,68.33872496808483,57.74671075316813,56.306196130740496,53.20894225159729,48.657084655016625
2018-11-29,44.26707558335344,44.23124296714259,42.79133483628294,42.335440816697904,41.07082139080772,43.22232271291389,49.15285617545186,60.13088640790552,68.34077499026134,69.7142308735044,66.32000307098536,61.26012750938497,55.03974596171257,55.967752978970886,55.20480322437259,59.8623429020638,66.6937059311191,81.41655176413246,76.41789047570649,63.09349580997685,56.047592539176,53.02941059398864,50.00185369094039,47.38226536948477,46.20777658095723,46.02792069621701,44.55261655805339,42.902518439273145,41.35589403860338,43.958309764122816,51.70036450438791,64.79604661062719,70.15207748733253,76.951987988419,73.23084498887032,68.17557701893216,62.0276874368799,61.90569415705505,60.49718453186475,63.30062244054965,68.87131456132369,83.22086901787588,75.327630437295,70.2059168378296,61.54590245170848,53.37776965757047,52.17746256313812,50.127008816137355
2018-11-30,46.97942278309952,46.75379126929511,45.37117811565687,43.89622235118111,42.66785912284179,44.83682985141064,52.85034784573372,61.801427737366346,69.09582502720059,76.47576712337025,73.38378836112994,70.9597657185133,62.15959571412806,60.88797233662616,60.08916290571359,63.62009566563363,68.60525895615302,78.70058457130673,72.46018380887999,68.92582130161031,58.311571016000144,52.52109940963216,51.70206225897677,51.15948155468375,51.63730430947806,47.80259479245769,45.547804941421155,45.387456309672444,43.0025890378281,43.419537013069274,47.575087461518805,53.2466792792573,56.89162447695744,65.9898761371109,64.57677423849628,61.5385002942407,58.23826213564772,54.29638882147395,53.57906403316588,52.347292738496854,56.279965984439485,69.93684649552677,63.89682632467027,61.17962540192125,57.72086879978888,52.83387010563474,51.74722019351879,50.85785282215751
2018-12-01,52.79358567283522,48.38121877205475,45.056103001079016,44.82545369997887,42.79553405267427,43.13233913790551,46.88483244688821,51.95277088592744,57.25063844573723,65.22542201444898,65.1510914588583,61.17725529044078,57.55900886960524,52.53085355254581,50.404285847660816,51.37680049729748,55.6256074578922,64.24866686388778,60.40014064840878,58.930917700290735,56.61649435543464,52.9718835450271,52.237096097425145,51.089788629028746,48.81558873675422,44.11787885621439,42.814011016151,39.787573924165095,38.389672251615316,38.6225234268586,42.968510130486415,46.71437902515772,48.192668936221224,52.567755159716796,54.12285268570034,55.30173749080012,52.80817431431633,51.11749120376319,51.63034468874772,48.58247040496463,51.649421241932544,64.56274054973161,63.349818157905965,59.48248756359766,55.934107110387046,53.43076307701642,53.22486969508141,50.30750293467746
2018-12-02,47.271117852009176,43.91854580906583,42.24984073769538,40.0560400096248,38.35532950970418,38.47342194158677,42.53818738648642,44.621643110633336,47.99927678193476,51.13522995227966,53.5737935384828,55.575649254148026,54.00744188616754,51.467275673027714,50.15194116583065,48.49713527349951,52.24795624000649,65.18227753638521,61.59212104851967,57.620073192026695,53.69883170525167,52.48263154861974,51.32139996957914,49.1120669335244,46.33511883919789,42.00327606491825,42.49878936574508,40.312709932702425,37.6817666880876,40.3136055068352,49.39726677575628,61.000628719682794,62.8356542030357,66.56973419688562,64.89554553048922,64.81849112465547,61.949672874473514,63.60103311644862,61.48400045777744,63.28567733876761,67.35256188271151,81.35294763541346,70.98378239208574,64.26550685692526,58.03290657370521,53.36222763124769,50.52604017198477,48.65812246003057
2018-12-03,43.90812138259416,42.27686149475729,43.35597543355472,42.27996173625558,39.79037817687636,42.45156631242924,51.249491948421365,61.21892351705117,66.12004367192776,69.9026853842473,70.84676567175782,73.14480164571148,66.6589369761838,67.06074876788465,65.99659785744505,69.11361476654636,71.43319890936135,83.01865887836794,77.76155791472814,66.03187115666105,58.39019164936482,51.99703585112871,49.48976207655057,47.34310662829364,48.02412507254635,45.459594147502756,47.13350798199738,45.871816576250964,45.716330457492774,48.21793257060065,54.05114549336746,68.64445167346868,70.11488656739253,77.74446888876531,82.96820268856152,74.82996873846652,73.98995888526848,77.50342001411803,79.17859667272973,79.56556851186176,84.8033556771049,101.97692797107382,95.80965389141608,81.10556514987242,68.42827550929997,59.70594870135974,55.2076192794788,53.27540918215036
2018-12-04,52.40108407401086,46.718344626033954,46.93390484532527,42.63166831883378,41.93517262965344,44.680177746506885,55.62526309961005,66.51365965952226,72.58336619146321,73.50345721900531,84.62256562991504,76.17638063818276,67.7123874509812,77.85050012957606,78.07122191053473,80.46576639063936,86.02356561757394,95.2817594989917,97.19311512879072,94.69059761098832,73.24563234104825,63.10073979879871,57.57034634699148,53.731242386773154,51.45798825256132,48.10319931392074,47.59960376591373,46.45306130811003,46.998552730257224,47.499094845889346,58.16163942673734,74.46410289183268,77.95713904550888,78.53765728776875,78.46487354518388,74.79507664164707,72.06532115858718,66.57393394780401,65.05241906483081,66.10993180266468,70.09953539171099,82.85829853205526,75.37472113267732,64.72867062260754,56.3510745827831,53.50018180268319,49.48646845313312,47.95172421762294
2018-12-05,49.9252118914438,45.47124753843731,45.90028212879383,46.14415381019028,46.660578908647445,47.69200216633035,57.43176066375581,74.15642987244016,80.01140117606704,78.786556850948,76.43556717999674,74.19552762664824,73.5298374581335,65.87560277593937,63.254405589767714,63.85630904695883,68.55705753146457,78.2932726533783,71.07989002042132,59.40084308527783,54.87228173675824,52.20969485128525,47.346966778038365,46.34164700092582,45.27894887593158,45.860776868516915,44.63799929880662,43.64166044752571,43.73366968119922,45.65551202340665,53.539950500060925,63.93575636561365,68.9454375140231,71.87219905508915,65.98998217650922,62.8233073842523,57.9108806569723,57.417216926295396,56.14159614452896,57.82937256417955,62.994498179403706,74.77052420498855,64.52360674039431,62.569097893226804,55.87132573239217,52.67470270629515,48.67867656811674,46.10036313040048
2018-12-06,45.71580419834248,45.324203055601565,43.16198211212826,43.48325234225141,44.45210964328711,45.54059452375501,52.50492291932578,60.27256821550943,69.18780661064395,71.08569433132456,64.57658504580972,61.66627360975345,54.514890611655176,56.33029857113701,55.6658827304359,57.263458759260864,64.02074597931298,72.2237159854885,65.64252125787549,64.32810087394661,57.2870665056754,52.08076952993726,47.770518220388304,46.38482681036568,44.98793592124093,43.57732800995158,42.13435192312116,40.06105427221193,39.340197615842335,41.13377985081842,49.16261813563392,60.32088881747792,64.95918439434197,68.04887716134951,64.17715254380973,61.04241174142795,56.59066288794809,56.06828420958223,54.531015783003994,55.18855727012648,56.97422291201309,67.95991927442171,64.93527796613853,63.15318974696693,55.631580111155465,50.46858999682574,51.17221931992208,47.694832915934796
2018-12-07,45.50158586515088,43.83414319609925,42.738623386765546,40.32571394562712,38.8469331601311,40.99151885983293,49.3114875662624,58.92128914355911,64.12854198705253,67.77028923903934,65.81042066072067,63.03173307847726,58.85066000558557,58.71111304340788,56.33314237418406,56.60021991041897,57.95843078721432,65.74407675459314,64.83270765740129,62.83824238798909,54.9741374193412,50.93679431256088,51.431656195294224,48.350585017229456,48.920612572611205,45.628370933100356,42.806258674637064,40.14241293631962,38.36776436871765,39.64474583069268,43.270983988521834,47.56189078848196,49.303497275181655,55.987451537423894,60.27901024588987,56.82416668055218,57.64824940285269,53.46321094985488,51.98153273550259,52.8471002597837,54.29592993740498,66.31933165546911,61.008512760582974,60.19738957901019,56.39233489749211,52.22031611277938,51.20501592667228,50.117697020873365
2018-12-08,46.37935257152173,43.26156446474211,40.39756325581711,38.17123511308127,36.696635224587055,38.01870563533607,40.50136119247357,44.36451510365115,48.16511940966837,53.02656210086532,56.67083463257678,52.81242480328012,53.22540208574711,49.53190811654212,48.03172953233255,49.84186414204487,52.67172431319887,61.16112129473722,56.21371915807691,55.94083477852522,51.848293492809766,49.74816518083216,49.6695212186764,47.94620202611488,46.821595920893174,42.817178799337015,40.683607044350396,37.93158879795144,36.273307000320365,36.17916000312793,39.826960408080964,43.33661133465381,43.97559803910106,49.55744771333484,52.356696350902524,55.00216727892786,54.59044042421003,53.29143820425917,51.18245313528777,47.7584263703273,49.64937776411883,61.60865371861266,59.49467867391268,59.49150510074403,55.93499032897818,50.618491525888544,50.16361096852964,47.72673678899302
2018-12-09,48.541908873799926,45.0356312427602,41.79580947742495,36.727276098436576,34.92570568521609,35.42325739038841,39.18011124751584,41.53088273632765,45.76066176650217,50.14531775305343,54.48555288731528,57.94622616376779,59.35756950956695,58.95435728725951,56.71194882662867,50.73052782949488,55.78958943688053,65.08173544851232,62.587730375694775,60.635691258752594,54.65918834985472,50.24252582119523,51.95837063444153,49.10378741217069,45.255031786413724,43.01503142058842,38.805059891666986,36.019663949437295,35.64500073162168,37.44529804408446,49.63452012593012,59.10840730459609,61.26548797547079,66.61238833725507,66.93152021030578,62.30591236175562,62.37241439550438,57.800220631617634,59.90792288955855,58.70693450399969,63.30450954219188,80.4504704895987,69.78689635262069,64.60805611510345,58.00325387173855,51.275569794608316,50.0786870263047,48.67613925670288
2018-12-10,45.31651451260353,41.56593439604308,37.06370496051668,35.7196092490079,34.93792698956691,36.60540128771636,51.297670473283446,61.69381639059415,65.02766173032505,67.9279769814606,69.53264797126835,60.387956373006624,61.72234315758641,60.13807097752058,61.58692072059945,58.73846563675636,63.45474172280255,79.05898107179146,77.60925031957646,73.15997669581539,61.68352941231936,52.16872907856904,50.49150465390747,47.93906136785683,42.88641869771415,42.151786769494244,41.535385846575494,39.956104686912525,40.31669723218758,41.82586462450668,49.82775970407813,61.01437692866806,63.49270031597821,65.19390502028652,67.09798878723352,62.936682241264215,63.37577963389661,66.93266825396108,65.96221022801707,65.3056170453947,73.68372765832764,87.05142999607688,90.44551931155414,79.89802068344237,67.2916541441484,59.81600081885335,53.97252691020836,53.039583240130945
2018-12-11,43.24134340655936,42.92507905883626,42.57247115781468,43.22073033273461,43.91093115140016,44.77237334553917,50.161793689878365,60.70123863058698,65.46568361559748,66.12446081579951,69.3025154184586,64.70315235602177,65.37129434664254,71.56102132058481,67.70976039014751,73.64814722223562,84.94042780125106,105.3709993162834,106.03847159865272,79.37478078198906,68.41983764076518,61.15316408669381,54.18776081986562,54.46254324681834,50.56193531606601,49.28218566012528,48.575928609388484,49.207458565688604,48.94739506344399,50.95448666681254,55.784570701221604,71.62320054100579,72.32336145602704,74.63021638849685,76.68064299637388,72.15235299349533,72.78818367207448,68.2291970210567,69.2045402122306,68.74565292360418,77.24586780971526,92.24580023688145,81.00921370393779,67.1922571168768,59.81641141327978,52.79990398520657,48.42039553951501,46.23351924715915
2018-12-12,50.8550287049252,48.749399959154985,48.45670374056587,49.39967300303466,48.84000401849691,51.15266257932956,56.2004847434404,72.33279871442403,74.0477106535567,77.07844084261106,74.27094307409138,71.50105296805691,70.46643760841692,66.54772825255984,67.7172217551531,68.63507420582403,75.20604613769477,85.32041348638711,77.35354671966459,65.64779115013985,60.35462540844935,53.52373761127772,48.945247293632,46.59011658154765,46.71664228030658,43.94101362583906,42.56805992679496,42.01261640506271,42.58396512152206,44.525137355953774,51.52257394713,63.1223382144679,66.36465791021305,71.35610762869119,68.4768418998204,67.72995060584874,64.58900594845636,63.59899261339197,61.828116147444916,63.44140661142891,68.1421520853954,80.63194500474893,73.6001316824167,66.76664914228533,59.55990854262919,54.71891259256672,52.22639559090294,48.643128628298825
2018-12-13,48.98284448406276,45.94329445973861,44.19891693256151,43.03772405336047,44.046791028078815,46.17896730304749,54.69585797714837,66.51525988793719,72.36447000828625,76.71083475558817,71.85362231025427,71.43245721045656,68.79702594754113,67.15657611153073,65.36571797923507,66.65126168346697,73.80051904081326,82.12733817517442,77.86734980083146,71.76140344210512,65.29883906857287,58.37054376642386,54.430498576775264,49.86504774134802,50.55680264408944,48.78504938241378,47.23901091778877,46.16458363934389,45.98300949702398,47.62688534162753,58.761099739080706,67.82925197810714,74.16795924856433,76.71236115548882,74.42831462627782,72.23858119904811,67.31151119715499,66.4146599294115,68.16962476211043,69.12152041572844,69.22018826140255,80.87525232026562,79.38218928790064,74.13324187496373,66.66923471598622,57.742383810750795,57.17994033785749,52.43566583984959
2018-12-14,52.12467207180124,50.08411696540199,49.06786043279081,48.9063042308012,49.19421411602304,50.1349596410811,60.893502790326544,71.61738702926152,78.38715417049073,79.79819785743823,77.24308765977216,73.8144053819237,69.60958141064107,67.96523070698642,70.4746366099921,71.4388966677382,70.45783881734953,80.79999506252034,86.83901209365864,77.66078815288256,70.37876067293178,59.46441577804917,58.26542734618681,53.91406345081938,56.98372959783393,54.41188408446477,49.93170596523201,49.610350906698756,46.809958253273614,45.72931767658039,50.08532815482033,58.250624981236626,60.35674127783397,66.93426740105151,70.08293647177183,63.43204322328397,62.22581393297375,55.452831203899635,52.10384354363589,54.57506306936787,56.570057804431435,67.30886640050804,63.278903913030675,60.562681200994874,56.75916744774247,49.4250496706199,51.222678893081365,49.16730557497638
2018-12-15,56.822550298179365,56.35157979301105,51.92961593724508,52.20053955362333,48.56650016933561,46.88660750435821,51.314412092852216,60.44930296050655,63.85040571072709,69.20195301628416,73.1543835566148,68.50638535541106,65.21949294900122,58.69461740285642,53.79014025757458,53.59352900625306,58.38899987035316,67.73876109485258,64.51963798020911,60.97409097106726,55.35212510509865,49.87440160137301,50.80182639506178,49.342948506927925,48.52369937877828,45.97224190817533,44.806692614692054,42.853369978869296,41.84331562847813,42.55408001700124,43.87197700262139,47.27249518646386,48.155659946691294,54.32825173347154,58.13116405095779,58.57415334443844,60.53165411296649,59.06364719488596,56.44814022932924,55.71509818360833,58.59460078318893,69.16101887811632,74.91628075812909,70.30366631959194,65.64366163211689,57.69931431416205,55.013172618773176,50.53455589733115
2018-12-16,49.15048710405237,45.94686289445906,45.07928071332522,43.3166905159158,42.16477655041256,42.34972194986178,43.49836458215945,46.01937655790837,49.596659512952,54.63915617467713,59.75121267047841,59.21835946955438,62.4767006292799,61.12731398548458,57.22955191355814,56.88646399425596,59.35837332523915,71.59716854563877,74.59531349570814,70.71704737716982,68.43923432175063,59.41676223192231,56.012653043190376,50.96917788065674,50.99548428489347,47.54018484757976,49.37619152101717,46.166558381139,45.15176550432564,47.08994027804774,58.04183470511421,70.64722271444367,71.37291715093298,70.16941087778869,76.09317944034949,77.80683865966066,75.55135012181074,76.85598202327151,75.0890364937892,77.94334407151149,77.63639431430776,92.64267235867963,84.03008777104213,73.2703694248594,65.85545727761283,57.336837740116835,53.832803652270165,49.68980295706505
2018-12-17,53.4818190626548,49.31240233855279,53.02480960521251,49.71168940827714,48.4567455703511,50.02077910031089,63.31699865050602,73.23074007522403,76.58165926141035,73.2805205190135,79.49338081375456,88.40560704709546,84.1978381102976,81.78557112905906,81.05207006076049,83.68459021991563,79.81583064546307,95.9717007154993,88.0276579278563,75.93275629175638,68.3745473711185,59.56708693172664,55.75008522205296,52.04828981080722,49.86527117359038,48.25231564464973,47.329625287268506,47.37200846247672,46.60811186862669,50.09599901282366,56.4811558173089,69.41707643193197,72.55896824358561,75.62279078001887,72.9395276490844,68.60243123231564,64.64188622918937,63.05359838572361,60.76949416346388,61.88451969379247,65.55992555189707,74.41565894760606,69.82709678659563,61.065486041071594,58.58748985984644,55.2644402163709,53.67290075641927,49.24972523619485
2018-12-18,50.14266863794434,47.964147988176656,47.59679505272348,47.064950209938026,46.40586987888884,48.20802888727252,57.99103921639052,71.54470783178783,77.64938425343648,80.73711672758563,73.03234751317342,69.25359491591416,64.67862234288918,62.29060272137851,60.89132022632101,61.73818895433148,63.630512525923066,73.47377282109046,68.78598650981881,62.37438565148183,61.56547962923619,56.0529502617234,55.25917846889499,49.21197131363313,48.54180590787807,44.99936983541314,44.26280504668702,42.95121547775233,42.86141007663237,45.99516033182715,54.24510315540458,67.07125724114796,71.60448809928,74.51478913166356,71.15671691714581,64.80184245397635,63.88337650073278,63.65145170664921,63.93556207885352,64.90151828289535,69.22736981636338,78.4291737183125,74.62376975267671,65.99148040942686,62.16415610946948,58.15090574634097,57.19536829009275,53.64975631687966
2018-12-19,48.16906699733302,44.90945917427124,43.59781924032595,42.69269500601956,42.37638831326008,45.25786304898701,53.99734125949266,64.7999453140724,70.94761772464545,71.64527154221099,68.5543927233717,63.60285912464646,63.453359971972425,62.58865125888256,62.94427788602266,65.52328074868625,68.75658007415407,78.01539666954278,71.50579571949889,62.867315466969295,60.11732305958762,56.82146943166821,56.23999014550606,52.89304689079281,50.401618206813936,48.1607296674481,46.595700915912005,44.97532770578093,42.99653410157721,45.35725205998282,54.47726593660623,65.52019066233342,71.09572924043006,75.17584971993567,71.89643429496795,67.6110196236789,63.23313133182755,61.14747829827769,60.994692772294414,61.635289109109095,64.3611964019997,73.15705451912865,67.6501964684553,64.97055806504528,60.40106554148372,54.07806580029218,53.76300763654453,50.6178606768663
2018-12-20,50.82331209464798,49.51360859488187,48.629227377146535,47.155258634433885,45.22887156374814,47.28159208274515,55.669360383881,69.70789010171518,74.4357607036331,79.74831922674694,74.45859406905248,70.57830826483686,66.00222563845803,63.240784334613465,63.0464085083979,63.63549755430249,65.52621907233538,73.57235012836682,70.74621778603469,69.83219060022604,66.07439547481546,56.01393877766357,55.75796705432093,52.08652556292268,50.76777577164384,47.603136960437695,46.62831134125865,45.30982058477369,44.54900512097964,46.91083895004126,57.26851622133857,69.69816148739983,76.3730350196165,81.79916811473748,75.10602581172225,70.60649963041385,64.29572201966361,61.95499813543603,60.10561771864868,60.41815223981694,62.0207710809513,71.6341426300231,69.4278068601555,65.11058232036372,59.95761963349169,55.803178502461066,57.14329062645237,52.75906932942079
2018-12-21,48.41101519979963,46.370736876161246,45.2646726946349,44.95310622830217,44.21401896214224,46.29142741850672,55.64888462513333,67.49905475917637,75.15366988002867,78.0009559906962,72.83448674918336,67.30152495190485,61.56049023802005,59.7873679300868,58.9738118729956,59.5514794225094,61.818665160528994,71.85247406316303,68.80543708242135,62.04986427612962,59.19286222408169,52.87035664509682,54.05905751866148,49.96212772479527,51.047367403554134,47.93534717988033,45.67794689490938,42.938216272762226,41.967591698354326,43.019087391764266,45.462193485724775,51.378553516512206,54.91532435292902,61.60610507971741,63.43915038833404,59.86824380827406,59.1702839701591,57.28361067881329,54.35258124746307,55.57387747388078,58.61635685816965,69.48147416653765,66.36394162285245,66.22137437886138,62.39205081750191,55.61226192826434,54.798758484535924,53.4989866277907
2018-12-22,50.42040548751446,46.611398437996606,44.3816252039619,41.654506028938286,40.25594890287832,41.431596976211466,44.47420549208103,49.52456382575456,54.085189333560486,59.2238737166725,61.2126238940746,57.40073000124309,57.74577601756573,56.73042995101898,53.90426068660607,54.31741145615441,58.404004866601774,67.33018605174107,63.56093361069309,62.95998419550427,57.91716179260588,53.85735840551071,53.16287955910009,52.28938206647987,49.65054187720792,46.66778834769976,45.879938872388536,43.800124291055766,42.449069098930664,42.430754828200335,44.94002248080337,49.44401428347538,49.40512260204314,53.70664417124519,58.08247521073339,61.31023361192821,62.541711770938136,58.36545896889804,56.912594103769635,56.90726670373414,61.82153566436895,73.89442832792008,80.55067338958781,79.51197765948423,70.49827679501375,59.77453008071013,57.516695076074214,54.28655137464663
2018-12-23,56.17354614221078,50.42063225235799,48.60700515940441,45.15239972996039,43.82971921450042,43.46459619887286,45.181505661639314,49.57270643252356,50.25764110168079,55.8227823878024,61.5057130456174,65.19714205089244,68.31702800571973,64.53255657073242,63.00876619125839,59.26633219678679,65.15736464857768,77.76642777803487,87.47117431534187,91.85449182090083,73.49742086446909,63.24733592935816,63.66462866581716,58.819700815483856,52.06852548544833,47.517743038101116,47.925956583543616,46.994497200727324,48.333055661538765,51.493972857518315,62.17762912916375,76.15267599873638,74.5118095949696,75.78283492941898,81.69239287995028,78.84485428899629,81.66153260009487,75.496463371587,71.17067653560794,76.94618517826851,82.60901286325452,102.57708025504877,95.2875325204594,80.48751323054846,67.26406765803705,60.578400944228946,56.72242428514887,54.49766591100983
2018-12-24,49.57093948651865,45.15918644632272,46.2692049078441,45.382605455399,47.11028198418461,50.290973801186894,63.36939767524942,73.58517624515143,77.50648668756557,71.71730148497407,76.76290371528484,74.46430599135694,75.48293192954341,70.57497082014513,68.97819243852953,75.4626550416285,76.71193134694545,96.26627359721036,88.101037392196,69.36487857514935,66.14454288838027,57.506093797902864,53.53385201667498,51.6021981137628,48.25580033623358,47.30359019545955,46.95987360271435,46.18837224473447,46.7064580845377,49.22408710261531,55.44642090129131,70.41321261179726,69.65553604291617,69.76769080988048,69.14737910289679,63.895886590034834,66.99455887253718,65.07116620010224,62.14889301563173,66.99944273984799,70.96095428260583,82.43095452992756,75.13864120319074,68.72514006777988,59.551753956914645,55.79846305995612,53.59245120548265,50.17447886242083
2018-12-25,49.224465342790126,45.85500675600262,45.15337534074813,42.79660839356672,43.51827840715013,45.82739313909897,51.9775637396893,64.08136644207991,66.37032025505692,67.99239518161872,63.74957394261784,58.002398005416325,63.60105459046659,61.1823620554321,60.87845285027825,63.50724184141959,68.70980847764847,80.39597139949699,72.88107793505664,64.50890574492084,58.72513867824531,52.35607688473848,54.11605682024805,51.04979975361289,45.140489267111235,44.32641589069768,44.14057243817396,43.707163199220226,44.13907786679654,46.036726003427795,52.41291670439539,65.13694052547683,67.0182399718652,67.74115023182429,66.45051985412553,62.606656680521205,64.41378419890414,63.72270341340881,60.93120088091291,64.12292506872542,70.69259165189024,83.11040158445954,78.90617843873741,71.5717930686126,65.45643382210945,56.6161506291632,53.8162125684853,52.742777371750336
2018-12-26,48.13272246684325,45.658453265150506,45.72644097975095,44.19472897636198,44.18745810507702,45.85020340138413,55.52851974496784,63.73472278465658,66.83777098565909,66.5403348926653,64.03550812988439,59.50839032860642,62.766951276871424,63.10827650834841,62.43389237653045,67.37151808838351,72.32478934722312,79.12126668284387,88.6748605878972,85.7249467698447,66.72570316090425,55.48930226196826,54.3230136059443,53.5264514418224,51.67374408291314,49.783240446600956,51.23758234938555,50.309414157954365,50.179932463012065,53.235382423238384,58.84711623235084,70.9538097003086,71.32818235043602,73.01145712310952,73.46677997569856,67.63186290677399,70.92287482969127,68.83717545251525,64.01010693824674,71.01182802958861,74.71075215112381,88.57613274518604,88.37751769467181,80.36495573034176,63.75851203840192,58.106893835863254,56.682596761167495,52.777198139545575
2018-12-27,53.65061315353091,48.987619115688354,51.27889578340736,50.833121040011775,49.439310284131125,52.669735759597145,59.58088131653934,68.09200701639986,68.16279921515176,70.6797217442317,72.87576159051578,66.42538543313154,68.81814430373552,69.64688445263685,63.213246658676965,67.6623410383315,72.28750648498988,84.57011569005775,88.72376034225007,72.14560918791359,60.52662070895492,56.22729336104224,55.88193605471288,52.802281984764505,52.763428979705694,49.6907726874148,49.43840868202248,51.32485182366496,51.12639736158529,53.76014909203471,60.39182705456357,73.0516820191279,69.60187566807335,70.03661399937184,71.1270398560593,65.8780474853536,69.50613234205348,69.07081696974487,59.83596850594414,64.32410047506403,68.07158861127927,75.40395760667349,78.06904681561113,66.57471532802231,59.65884261663733,57.285875771466465,52.115148688699435,50.89105242713349
2018-12-28,54.87329894070179,50.364372014784976,50.45443737684617,51.12114091634612,50.65889950728896,53.95990690615103,61.42609743490191,76.74092212780823,73.01894623208743,72.47957142027853,72.70765513851015,68.53293370993465,71.72196957104094,71.22441540206279,61.35725143862965,64.69071787951913,66.32461074177935,74.11033701796387,73.19732252688068,61.80300801074821,64.52133910611687,59.19791694449394,53.72635979710237,52.25711162507308,54.35830310389052,49.602179214176836,46.55896451673601,46.193921832121205,45.15285457755172,44.79835608756057,46.85830480373135,52.95880295745588,55.13494833939188,60.33833867012491,59.220958900246224,56.40577363949696,55.09675977195983,50.75548235810251,46.95929471364263,46.59351654638146,48.75862402062329,57.423157356829286,56.16707921938827,52.48653556106645,49.525256014665004,49.27446679754503,50.31534132355431,49.54847762586415
2018-12-29,52.7265014524247,48.84924265486098,46.09945077978244,45.014030959803335,44.11849187233711,44.0389926714666,46.331272898954,53.08055157918876,55.328981857726205,58.97840944415926,58.34449257579013,55.45490176306431,54.0933175341372,50.3693018227368,46.43127379533978,46.26274385038165,48.203373885186046,55.85873790186855,53.49197211710072,49.701649442142205,52.56889302885568,48.388738710081626,48.67987928742002,48.31841559419797,46.41869062723193,45.16941036085147,43.82249111160789,42.2379422865514,41.37484279695918,41.25350847498096,43.91311734486191,46.96452901100685,46.35376053804576,50.3974332095398,52.919655001676624,50.979945561752174,53.59026503364532,50.70441726829623,48.358187479681035,51.60315288318142,54.861410534804456,64.62651332581973,71.59725981309377,66.63228728845536,66.2646112440084,59.132282717165594,55.668338256801945,51.05289740994025
2018-12-30,53.15626453738484,50.04130192237994,47.53696295107969,45.578417109260656,43.96690457257798,43.4274433772578,45.29114317451342,47.19769614772228,49.80590557722669,53.25788894343734,58.36493095043008,56.06782897528933,58.96494031907126,54.64746027783567,53.39611191088324,55.81915916201336,60.060070903870695,72.51525478098085,84.01806412271216,80.33162593917574,78.31904516820316,65.82528531159811,61.96761592424518,57.25477323721139,52.84441646095248,47.18238085229502,47.36786994277504,46.185366463816266,46.074347784446964,47.88293038767637,56.40750147408653,68.531895357199,69.3668907326244,70.75630691224748,73.31282938785533,74.28146166119294,73.23279288385439,70.60147798414208,68.16099322182777,66.31970291485385,71.97533715224822,81.58714634709608,78.4712580410327,64.48200900207428,57.93191318060511,54.77481261982034,53.07942397286345,50.19863687059316
2018-12-31,51.201980746734975,45.796783803892765,46.92260036660022,46.84013364513156,47.22083535939482,48.42969978306748,56.97534404198368,65.36430669226846,72.90076792367745,70.9642720876383,66.92163805961403,68.5305369990223,66.23386595735967,63.42895285916147,63.50310420343234,63.70153741348732,67.40729350343081,76.61520511116775,75.17929700883067,61.38167286076773,58.09990700459729,54.57240396577551,52.54380296815412,51.33117813013064,48.632525375904905,46.21087300020126,45.14780630707231,43.28249997858566,41.717139564854605,45.40828052306734,50.96630922980916,59.883793636322466,62.027546334378094,64.88691099054256,63.85829496794756,61.5316473677434,58.69672189841099,56.48239968554438,56.623814137992824,56.66239952709798,60.600076148147636,70.0040772220471,65.10256456446847,59.481173430563665,56.477096563770544,54.74576938868102,51.27456602778001,47.70887276365117
2019-01-01,45.21230395626629,42.89885196399378,42.759787943326,41.52575808910263,39.77756554604143,43.37725049674472,48.05680720617447,55.60471980133922,59.76958953633167,63.35273123327912,61.24407086762904,57.49277305486096,57.37251808258925,54.27892669748897,55.08690598109725,55.029047826117406,58.659629533503605,68.24733231286524,64.13423718163965,58.40168373127114,54.73520745538697,52.06982577806632,48.613285415621576,46.09386394210123,44.73240585521508,43.79919233534406,42.624958155504004,40.47312256314645,39.546462569364614,41.83935763880652,46.978228808387875,56.920550496927106,57.286472636372395,60.29102773793408,60.40714054054078,58.41230738368581,59.033469882301006,59.9898021909478,58.51492842598091,60.938089637059335,66.55987082463491,71.96836095006236,73.87419242168204,67.16736441659656,61.12649568909573,58.20333174413817,54.37080042641798,50.23039550002615
2019-01-02,,,,,,,,,,,,,,,,,,,,,,,,,,,,,,,,,,,,,,,,,,,,,,,,
